<?xml version="1.0" encoding="utf-8"?>
<annotation>
<folder>images</folder>
<filename>027e516c-c554e9b7b4.jpg</filename>
<source>
<database>MyDatabase</database>
<annotation>COCO2017</annotation>
<image>flickr</image>
<flickrid>NULL</flickrid>
<annotator>1</annotator>
</source>
<owner>
<flickrid>NULL</flickrid>
<name>Label Studio</name>
</owner>
<size>
<width>1024</width>
<height>768</height>
<depth>3</depth>
</size>
<segmented>0</segmented>
<object>
<name>carros</name>
<pose>Unspecified</pose>
<truncated>0</truncated>
<difficult>0</difficult>
<bndbox>
<xmin>328</xmin>
<ymin>347</ymin>
<xmax>735</xmax>
<ymax>711</ymax>
</bndbox>
</object>
<object>
<name>carros</name>
<pose>Unspecified</pose>
<truncated>0</truncated>
<difficult>0</difficult>
<bndbox>
<xmin>271</xmin>
<ymin>403</ymin>
<xmax>382</xmax>
<ymax>505</ymax>
</bndbox>
</object>
<object>
<name>carros</name>
<pose>Unspecified</pose>
<truncated>0</truncated>
<difficult>0</difficult>
<bndbox>
<xmin>780</xmin>
<ymin>445</ymin>
<xmax>972</xmax>
<ymax>500</ymax>
</bndbox>
</object>
<object>
<name>carros</name>
<pose>Unspecified</pose>
<truncated>0</truncated>
<difficult>0</difficult>
<bndbox>
<xmin>967</xmin>
<ymin>394</ymin>
<xmax>1023</xmax>
<ymax>522</ymax>
</bndbox>
</object>
<object>
<name>carros</name>
<pose>Unspecified</pose>
<truncated>0</truncated>
<difficult>0</difficult>
<bndbox>
<xmin>104</xmin>
<ymin>469</ymin>
<xmax>242</xmax>
<ymax>514</ymax>
</bndbox>
</object>
</annotation>
