<?xml version="1.0" encoding="utf-8"?>
<annotation>
<folder>images</folder>
<filename>040f1400-8a98fca468.jpg</filename>
<source>
<database>MyDatabase</database>
<annotation>COCO2017</annotation>
<image>flickr</image>
<flickrid>NULL</flickrid>
<annotator>1</annotator>
</source>
<owner>
<flickrid>NULL</flickrid>
<name>Label Studio</name>
</owner>
<size>
<width>512</width>
<height>342</height>
<depth>3</depth>
</size>
<segmented>0</segmented>
<object>
<name>carros</name>
<pose>Unspecified</pose>
<truncated>0</truncated>
<difficult>0</difficult>
<bndbox>
<xmin>50</xmin>
<ymin>111</ymin>
<xmax>249</xmax>
<ymax>260</ymax>
</bndbox>
</object>
</annotation>
