<?xml version="1.0" encoding="utf-8"?>
<annotation>
<folder>images</folder>
<filename>14397224-abdbb7257d.jpg</filename>
<source>
<database>MyDatabase</database>
<annotation>COCO2017</annotation>
<image>flickr</image>
<flickrid>NULL</flickrid>
<annotator>1</annotator>
</source>
<owner>
<flickrid>NULL</flickrid>
<name>Label Studio</name>
</owner>
<size>
<width>1079</width>
<height>922</height>
<depth>3</depth>
</size>
<segmented>0</segmented>
<object>
<name>motos</name>
<pose>Unspecified</pose>
<truncated>0</truncated>
<difficult>0</difficult>
<bndbox>
<xmin>80</xmin>
<ymin>150</ymin>
<xmax>989</xmax>
<ymax>855</ymax>
</bndbox>
</object>
</annotation>
