<?xml version="1.0" encoding="utf-8"?>
<annotation>
<folder>images</folder>
<filename>2f1381e8-39339a1089.jpg</filename>
<source>
<database>MyDatabase</database>
<annotation>COCO2017</annotation>
<image>flickr</image>
<flickrid>NULL</flickrid>
<annotator>1</annotator>
</source>
<owner>
<flickrid>NULL</flickrid>
<name>Label Studio</name>
</owner>
<size>
<width>640</width>
<height>478</height>
<depth>3</depth>
</size>
<segmented>0</segmented>
<object>
<name>motos</name>
<pose>Unspecified</pose>
<truncated>0</truncated>
<difficult>0</difficult>
<bndbox>
<xmin>52</xmin>
<ymin>10</ymin>
<xmax>564</xmax>
<ymax>460</ymax>
</bndbox>
</object>
</annotation>
