<?xml version="1.0" encoding="utf-8"?>
<annotation>
<folder>images</folder>
<filename>2fe40f02-ea2cb5917b.jpg</filename>
<source>
<database>MyDatabase</database>
<annotation>COCO2017</annotation>
<image>flickr</image>
<flickrid>NULL</flickrid>
<annotator>1</annotator>
</source>
<owner>
<flickrid>NULL</flickrid>
<name>Label Studio</name>
</owner>
<size>
<width>800</width>
<height>599</height>
<depth>3</depth>
</size>
<segmented>0</segmented>
<object>
<name>carros</name>
<pose>Unspecified</pose>
<truncated>0</truncated>
<difficult>0</difficult>
<bndbox>
<xmin>451</xmin>
<ymin>148</ymin>
<xmax>799</xmax>
<ymax>598</ymax>
</bndbox>
</object>
</annotation>
