<?xml version="1.0" encoding="utf-8"?>
<annotation>
<folder>images</folder>
<filename>31eee667-37e9f4c722.jpg</filename>
<source>
<database>MyDatabase</database>
<annotation>COCO2017</annotation>
<image>flickr</image>
<flickrid>NULL</flickrid>
<annotator>1</annotator>
</source>
<owner>
<flickrid>NULL</flickrid>
<name>Label Studio</name>
</owner>
<size>
<width>1280</width>
<height>720</height>
<depth>3</depth>
</size>
<segmented>0</segmented>
<object>
<name>carros</name>
<pose>Unspecified</pose>
<truncated>0</truncated>
<difficult>0</difficult>
<bndbox>
<xmin>174</xmin>
<ymin>309</ymin>
<xmax>203</xmax>
<ymax>338</ymax>
</bndbox>
</object>
<object>
<name>carros</name>
<pose>Unspecified</pose>
<truncated>0</truncated>
<difficult>0</difficult>
<bndbox>
<xmin>24</xmin>
<ymin>297</ymin>
<xmax>55</xmax>
<ymax>326</ymax>
</bndbox>
</object>
<object>
<name>carros</name>
<pose>Unspecified</pose>
<truncated>0</truncated>
<difficult>0</difficult>
<bndbox>
<xmin>81</xmin>
<ymin>301</ymin>
<xmax>96</xmax>
<ymax>320</ymax>
</bndbox>
</object>
<object>
<name>carros</name>
<pose>Unspecified</pose>
<truncated>0</truncated>
<difficult>0</difficult>
<bndbox>
<xmin>116</xmin>
<ymin>309</ymin>
<xmax>131</xmax>
<ymax>324</ymax>
</bndbox>
</object>
<object>
<name>carros</name>
<pose>Unspecified</pose>
<truncated>0</truncated>
<difficult>0</difficult>
<bndbox>
<xmin>258</xmin>
<ymin>286</ymin>
<xmax>291</xmax>
<ymax>335</ymax>
</bndbox>
</object>
</annotation>
