<?xml version="1.0" encoding="utf-8"?>
<annotation>
<folder>images</folder>
<filename>3869bbcc-34db31dbb7.jpg</filename>
<source>
<database>MyDatabase</database>
<annotation>COCO2017</annotation>
<image>flickr</image>
<flickrid>NULL</flickrid>
<annotator>1</annotator>
</source>
<owner>
<flickrid>NULL</flickrid>
<name>Label Studio</name>
</owner>
<size>
<width>600</width>
<height>400</height>
<depth>3</depth>
</size>
<segmented>0</segmented>
<object>
<name>motos</name>
<pose>Unspecified</pose>
<truncated>0</truncated>
<difficult>0</difficult>
<bndbox>
<xmin>195</xmin>
<ymin>208</ymin>
<xmax>442</xmax>
<ymax>350</ymax>
</bndbox>
</object>
<object>
<name>carros</name>
<pose>Unspecified</pose>
<truncated>0</truncated>
<difficult>0</difficult>
<bndbox>
<xmin>495</xmin>
<ymin>228</ymin>
<xmax>599</xmax>
<ymax>306</ymax>
</bndbox>
</object>
</annotation>
