<?xml version="1.0" encoding="utf-8"?>
<annotation>
<folder>images</folder>
<filename>39352a24-8e933395c2.jpg</filename>
<source>
<database>MyDatabase</database>
<annotation>COCO2017</annotation>
<image>flickr</image>
<flickrid>NULL</flickrid>
<annotator>1</annotator>
</source>
<owner>
<flickrid>NULL</flickrid>
<name>Label Studio</name>
</owner>
<size>
<width>1920</width>
<height>1282</height>
<depth>3</depth>
</size>
<segmented>0</segmented>
<object>
<name>motos</name>
<pose>Unspecified</pose>
<truncated>0</truncated>
<difficult>0</difficult>
<bndbox>
<xmin>698</xmin>
<ymin>539</ymin>
<xmax>1523</xmax>
<ymax>1007</ymax>
</bndbox>
</object>
</annotation>
