<?xml version="1.0" encoding="utf-8"?>
<annotation>
<folder>images</folder>
<filename>40d458e0-e9379064f8.jpg</filename>
<source>
<database>MyDatabase</database>
<annotation>COCO2017</annotation>
<image>flickr</image>
<flickrid>NULL</flickrid>
<annotator>1</annotator>
</source>
<owner>
<flickrid>NULL</flickrid>
<name>Label Studio</name>
</owner>
<size>
<width>1068</width>
<height>498</height>
<depth>3</depth>
</size>
<segmented>0</segmented>
<object>
<name>carros</name>
<pose>Unspecified</pose>
<truncated>0</truncated>
<difficult>0</difficult>
<bndbox>
<xmin>553</xmin>
<ymin>0</ymin>
<xmax>1067</xmax>
<ymax>484</ymax>
</bndbox>
</object>
</annotation>
