<?xml version="1.0" encoding="utf-8"?>
<annotation>
<folder>images</folder>
<filename>4dfd057f-18cf3b73b6.jpg</filename>
<source>
<database>MyDatabase</database>
<annotation>COCO2017</annotation>
<image>flickr</image>
<flickrid>NULL</flickrid>
<annotator>1</annotator>
</source>
<owner>
<flickrid>NULL</flickrid>
<name>Label Studio</name>
</owner>
<size>
<width>1055</width>
<height>594</height>
<depth>3</depth>
</size>
<segmented>0</segmented>
<object>
<name>motos</name>
<pose>Unspecified</pose>
<truncated>0</truncated>
<difficult>0</difficult>
<bndbox>
<xmin>257</xmin>
<ymin>122</ymin>
<xmax>469</xmax>
<ymax>255</ymax>
</bndbox>
</object>
</annotation>
