<?xml version="1.0" encoding="utf-8"?>
<annotation>
<folder>images</folder>
<filename>4f52ff4c-93407ba6ac.jpg</filename>
<source>
<database>MyDatabase</database>
<annotation>COCO2017</annotation>
<image>flickr</image>
<flickrid>NULL</flickrid>
<annotator>1</annotator>
</source>
<owner>
<flickrid>NULL</flickrid>
<name>Label Studio</name>
</owner>
<size>
<width>600</width>
<height>415</height>
<depth>3</depth>
</size>
<segmented>0</segmented>
<object>
<name>carros</name>
<pose>Unspecified</pose>
<truncated>0</truncated>
<difficult>0</difficult>
<bndbox>
<xmin>214</xmin>
<ymin>208</ymin>
<xmax>528</xmax>
<ymax>379</ymax>
</bndbox>
</object>
</annotation>
