<?xml version="1.0" encoding="utf-8"?>
<annotation>
<folder>images</folder>
<filename>52dba6a3-007d086a0d.jpg</filename>
<source>
<database>MyDatabase</database>
<annotation>COCO2017</annotation>
<image>flickr</image>
<flickrid>NULL</flickrid>
<annotator>1</annotator>
</source>
<owner>
<flickrid>NULL</flickrid>
<name>Label Studio</name>
</owner>
<size>
<width>1300</width>
<height>878</height>
<depth>3</depth>
</size>
<segmented>0</segmented>
<object>
<name>motos</name>
<pose>Unspecified</pose>
<truncated>0</truncated>
<difficult>0</difficult>
<bndbox>
<xmin>108</xmin>
<ymin>234</ymin>
<xmax>648</xmax>
<ymax>755</ymax>
</bndbox>
</object>
<object>
<name>motos</name>
<pose>Unspecified</pose>
<truncated>0</truncated>
<difficult>0</difficult>
<bndbox>
<xmin>565</xmin>
<ymin>228</ymin>
<xmax>666</xmax>
<ymax>369</ymax>
</bndbox>
</object>
<object>
<name>motos</name>
<pose>Unspecified</pose>
<truncated>0</truncated>
<difficult>0</difficult>
<bndbox>
<xmin>808</xmin>
<ymin>211</ymin>
<xmax>983</xmax>
<ymax>333</ymax>
</bndbox>
</object>
<object>
<name>motos</name>
<pose>Unspecified</pose>
<truncated>0</truncated>
<difficult>0</difficult>
<bndbox>
<xmin>925</xmin>
<ymin>193</ymin>
<xmax>990</xmax>
<ymax>286</ymax>
</bndbox>
</object>
<object>
<name>motos</name>
<pose>Unspecified</pose>
<truncated>0</truncated>
<difficult>0</difficult>
<bndbox>
<xmin>1017</xmin>
<ymin>199</ymin>
<xmax>1066</xmax>
<ymax>295</ymax>
</bndbox>
</object>
<object>
<name>motos</name>
<pose>Unspecified</pose>
<truncated>0</truncated>
<difficult>0</difficult>
<bndbox>
<xmin>1083</xmin>
<ymin>204</ymin>
<xmax>1104</xmax>
<ymax>268</ymax>
</bndbox>
</object>
<object>
<name>motos</name>
<pose>Unspecified</pose>
<truncated>0</truncated>
<difficult>0</difficult>
<bndbox>
<xmin>1118</xmin>
<ymin>211</ymin>
<xmax>1131</xmax>
<ymax>254</ymax>
</bndbox>
</object>
<object>
<name>motos</name>
<pose>Unspecified</pose>
<truncated>0</truncated>
<difficult>0</difficult>
<bndbox>
<xmin>1149</xmin>
<ymin>216</ymin>
<xmax>1162</xmax>
<ymax>257</ymax>
</bndbox>
</object>
<object>
<name>motos</name>
<pose>Unspecified</pose>
<truncated>0</truncated>
<difficult>0</difficult>
<bndbox>
<xmin>1180</xmin>
<ymin>207</ymin>
<xmax>1198</xmax>
<ymax>237</ymax>
</bndbox>
</object>
</annotation>
