<?xml version="1.0" encoding="utf-8"?>
<annotation>
<folder>images</folder>
<filename>54247d37-744ca71f5a.jpg</filename>
<source>
<database>MyDatabase</database>
<annotation>COCO2017</annotation>
<image>flickr</image>
<flickrid>NULL</flickrid>
<annotator>1</annotator>
</source>
<owner>
<flickrid>NULL</flickrid>
<name>Label Studio</name>
</owner>
<size>
<width>1200</width>
<height>630</height>
<depth>3</depth>
</size>
<segmented>0</segmented>
<object>
<name>motos</name>
<pose>Unspecified</pose>
<truncated>0</truncated>
<difficult>0</difficult>
<bndbox>
<xmin>597</xmin>
<ymin>238</ymin>
<xmax>1034</xmax>
<ymax>539</ymax>
</bndbox>
</object>
</annotation>
