<?xml version="1.0" encoding="utf-8"?>
<annotation>
<folder>images</folder>
<filename>700a7c84-717e612946.jpg</filename>
<source>
<database>MyDatabase</database>
<annotation>COCO2017</annotation>
<image>flickr</image>
<flickrid>NULL</flickrid>
<annotator>1</annotator>
</source>
<owner>
<flickrid>NULL</flickrid>
<name>Label Studio</name>
</owner>
<size>
<width>259</width>
<height>195</height>
<depth>3</depth>
</size>
<segmented>0</segmented>
<object>
<name>motos</name>
<pose>Unspecified</pose>
<truncated>0</truncated>
<difficult>0</difficult>
<bndbox>
<xmin>59</xmin>
<ymin>68</ymin>
<xmax>146</xmax>
<ymax>154</ymax>
</bndbox>
</object>
</annotation>
