<?xml version="1.0" encoding="utf-8"?>
<annotation>
<folder>images</folder>
<filename>7063abb3-6f65ac7a0a.jpg</filename>
<source>
<database>MyDatabase</database>
<annotation>COCO2017</annotation>
<image>flickr</image>
<flickrid>NULL</flickrid>
<annotator>1</annotator>
</source>
<owner>
<flickrid>NULL</flickrid>
<name>Label Studio</name>
</owner>
<size>
<width>681</width>
<height>1023</height>
<depth>3</depth>
</size>
<segmented>0</segmented>
<object>
<name>motos</name>
<pose>Unspecified</pose>
<truncated>0</truncated>
<difficult>0</difficult>
<bndbox>
<xmin>114</xmin>
<ymin>344</ymin>
<xmax>417</xmax>
<ymax>798</ymax>
</bndbox>
</object>
</annotation>
