<?xml version="1.0" encoding="utf-8"?>
<annotation>
<folder>images</folder>
<filename>7ee6f03c-ea8ce9da21.jpg</filename>
<source>
<database>MyDatabase</database>
<annotation>COCO2017</annotation>
<image>flickr</image>
<flickrid>NULL</flickrid>
<annotator>1</annotator>
</source>
<owner>
<flickrid>NULL</flickrid>
<name>Label Studio</name>
</owner>
<size>
<width>328</width>
<height>418</height>
<depth>3</depth>
</size>
<segmented>0</segmented>
<object>
<name>motos</name>
<pose>Unspecified</pose>
<truncated>0</truncated>
<difficult>0</difficult>
<bndbox>
<xmin>51</xmin>
<ymin>154</ymin>
<xmax>316</xmax>
<ymax>396</ymax>
</bndbox>
</object>
</annotation>
