<?xml version="1.0" encoding="utf-8"?>
<annotation>
<folder>images</folder>
<filename>7fe22b03-636e60da4d.jpg</filename>
<source>
<database>MyDatabase</database>
<annotation>COCO2017</annotation>
<image>flickr</image>
<flickrid>NULL</flickrid>
<annotator>1</annotator>
</source>
<owner>
<flickrid>NULL</flickrid>
<name>Label Studio</name>
</owner>
<size>
<width>1600</width>
<height>1067</height>
<depth>3</depth>
</size>
<segmented>0</segmented>
<object>
<name>motos</name>
<pose>Unspecified</pose>
<truncated>0</truncated>
<difficult>0</difficult>
<bndbox>
<xmin>422</xmin>
<ymin>285</ymin>
<xmax>1197</xmax>
<ymax>948</ymax>
</bndbox>
</object>
</annotation>
