<?xml version="1.0" encoding="utf-8"?>
<annotation>
<folder>images</folder>
<filename>8362d7d1-2feaa7dff6.jpg</filename>
<source>
<database>MyDatabase</database>
<annotation>COCO2017</annotation>
<image>flickr</image>
<flickrid>NULL</flickrid>
<annotator>1</annotator>
</source>
<owner>
<flickrid>NULL</flickrid>
<name>Label Studio</name>
</owner>
<size>
<width>800</width>
<height>504</height>
<depth>3</depth>
</size>
<segmented>0</segmented>
<object>
<name>carros</name>
<pose>Unspecified</pose>
<truncated>0</truncated>
<difficult>0</difficult>
<bndbox>
<xmin>159</xmin>
<ymin>106</ymin>
<xmax>651</xmax>
<ymax>457</ymax>
</bndbox>
</object>
</annotation>
