<?xml version="1.0" encoding="utf-8"?>
<annotation>
<folder>images</folder>
<filename>8b7dc31c-2efb6c3c82.jpg</filename>
<source>
<database>MyDatabase</database>
<annotation>COCO2017</annotation>
<image>flickr</image>
<flickrid>NULL</flickrid>
<annotator>1</annotator>
</source>
<owner>
<flickrid>NULL</flickrid>
<name>Label Studio</name>
</owner>
<size>
<width>1920</width>
<height>1080</height>
<depth>3</depth>
</size>
<segmented>0</segmented>
<object>
<name>carros</name>
<pose>Unspecified</pose>
<truncated>0</truncated>
<difficult>0</difficult>
<bndbox>
<xmin>789</xmin>
<ymin>572</ymin>
<xmax>850</xmax>
<ymax>632</ymax>
</bndbox>
</object>
<object>
<name>carros</name>
<pose>Unspecified</pose>
<truncated>0</truncated>
<difficult>0</difficult>
<bndbox>
<xmin>1151</xmin>
<ymin>565</ymin>
<xmax>1295</xmax>
<ymax>665</ymax>
</bndbox>
</object>
<object>
<name>carros</name>
<pose>Unspecified</pose>
<truncated>0</truncated>
<difficult>0</difficult>
<bndbox>
<xmin>951</xmin>
<ymin>587</ymin>
<xmax>1007</xmax>
<ymax>625</ymax>
</bndbox>
</object>
</annotation>
