<?xml version="1.0" encoding="utf-8"?>
<annotation>
<folder>images</folder>
<filename>8cc23587-e79711e10f.jpg</filename>
<source>
<database>MyDatabase</database>
<annotation>COCO2017</annotation>
<image>flickr</image>
<flickrid>NULL</flickrid>
<annotator>1</annotator>
</source>
<owner>
<flickrid>NULL</flickrid>
<name>Label Studio</name>
</owner>
<size>
<width>860</width>
<height>782</height>
<depth>3</depth>
</size>
<segmented>0</segmented>
<object>
<name>motos</name>
<pose>Unspecified</pose>
<truncated>0</truncated>
<difficult>0</difficult>
<bndbox>
<xmin>458</xmin>
<ymin>216</ymin>
<xmax>705</xmax>
<ymax>573</ymax>
</bndbox>
</object>
</annotation>
