<?xml version="1.0" encoding="utf-8"?>
<annotation>
<folder>images</folder>
<filename>93bb579a-89c26158c4.jpg</filename>
<source>
<database>MyDatabase</database>
<annotation>COCO2017</annotation>
<image>flickr</image>
<flickrid>NULL</flickrid>
<annotator>1</annotator>
</source>
<owner>
<flickrid>NULL</flickrid>
<name>Label Studio</name>
</owner>
<size>
<width>453</width>
<height>323</height>
<depth>3</depth>
</size>
<segmented>0</segmented>
<object>
<name>carros</name>
<pose>Unspecified</pose>
<truncated>0</truncated>
<difficult>0</difficult>
<bndbox>
<xmin>23</xmin>
<ymin>190</ymin>
<xmax>129</xmax>
<ymax>274</ymax>
</bndbox>
</object>
<object>
<name>carros</name>
<pose>Unspecified</pose>
<truncated>0</truncated>
<difficult>0</difficult>
<bndbox>
<xmin>222</xmin>
<ymin>210</ymin>
<xmax>239</xmax>
<ymax>230</ymax>
</bndbox>
</object>
<object>
<name>carros</name>
<pose>Unspecified</pose>
<truncated>0</truncated>
<difficult>0</difficult>
<bndbox>
<xmin>300</xmin>
<ymin>209</ymin>
<xmax>312</xmax>
<ymax>223</ymax>
</bndbox>
</object>
</annotation>
