<?xml version="1.0" encoding="utf-8"?>
<annotation>
<folder>images</folder>
<filename>99cab7e1-533dd3ae49.jpg</filename>
<source>
<database>MyDatabase</database>
<annotation>COCO2017</annotation>
<image>flickr</image>
<flickrid>NULL</flickrid>
<annotator>1</annotator>
</source>
<owner>
<flickrid>NULL</flickrid>
<name>Label Studio</name>
</owner>
<size>
<width>1200</width>
<height>600</height>
<depth>3</depth>
</size>
<segmented>0</segmented>
<object>
<name>carros</name>
<pose>Unspecified</pose>
<truncated>0</truncated>
<difficult>0</difficult>
<bndbox>
<xmin>157</xmin>
<ymin>100</ymin>
<xmax>990</xmax>
<ymax>555</ymax>
</bndbox>
</object>
</annotation>
