<?xml version="1.0" encoding="utf-8"?>
<annotation>
<folder>images</folder>
<filename>a1917d3c-3b2d25d42c.jpg</filename>
<source>
<database>MyDatabase</database>
<annotation>COCO2017</annotation>
<image>flickr</image>
<flickrid>NULL</flickrid>
<annotator>1</annotator>
</source>
<owner>
<flickrid>NULL</flickrid>
<name>Label Studio</name>
</owner>
<size>
<width>1080</width>
<height>1347</height>
<depth>3</depth>
</size>
<segmented>0</segmented>
<object>
<name>motos</name>
<pose>Unspecified</pose>
<truncated>0</truncated>
<difficult>0</difficult>
<bndbox>
<xmin>13</xmin>
<ymin>356</ymin>
<xmax>888</xmax>
<ymax>1344</ymax>
</bndbox>
</object>
</annotation>
