<?xml version="1.0" encoding="utf-8"?>
<annotation>
<folder>images</folder>
<filename>bbe130e8-2b37a718bc.jpg</filename>
<source>
<database>MyDatabase</database>
<annotation>COCO2017</annotation>
<image>flickr</image>
<flickrid>NULL</flickrid>
<annotator>1</annotator>
</source>
<owner>
<flickrid>NULL</flickrid>
<name>Label Studio</name>
</owner>
<size>
<width>1024</width>
<height>768</height>
<depth>3</depth>
</size>
<segmented>0</segmented>
<object>
<name>carros</name>
<pose>Unspecified</pose>
<truncated>0</truncated>
<difficult>0</difficult>
<bndbox>
<xmin>442</xmin>
<ymin>351</ymin>
<xmax>949</xmax>
<ymax>649</ymax>
</bndbox>
</object>
</annotation>
