<?xml version="1.0" encoding="utf-8"?>
<annotation>
<folder>images</folder>
<filename>bc5c1e97-07ffa35d1f.jpg</filename>
<source>
<database>MyDatabase</database>
<annotation>COCO2017</annotation>
<image>flickr</image>
<flickrid>NULL</flickrid>
<annotator>1</annotator>
</source>
<owner>
<flickrid>NULL</flickrid>
<name>Label Studio</name>
</owner>
<size>
<width>984</width>
<height>738</height>
<depth>3</depth>
</size>
<segmented>0</segmented>
<object>
<name>carros</name>
<pose>Unspecified</pose>
<truncated>0</truncated>
<difficult>0</difficult>
<bndbox>
<xmin>372</xmin>
<ymin>150</ymin>
<xmax>816</xmax>
<ymax>497</ymax>
</bndbox>
</object>
</annotation>
