<?xml version="1.0" encoding="utf-8"?>
<annotation>
<folder>images</folder>
<filename>c98a919b-2c3ae2799b.jpg</filename>
<source>
<database>MyDatabase</database>
<annotation>COCO2017</annotation>
<image>flickr</image>
<flickrid>NULL</flickrid>
<annotator>1</annotator>
</source>
<owner>
<flickrid>NULL</flickrid>
<name>Label Studio</name>
</owner>
<size>
<width>1280</width>
<height>600</height>
<depth>3</depth>
</size>
<segmented>0</segmented>
<object>
<name>motos</name>
<pose>Unspecified</pose>
<truncated>0</truncated>
<difficult>0</difficult>
<bndbox>
<xmin>310</xmin>
<ymin>58</ymin>
<xmax>779</xmax>
<ymax>563</ymax>
</bndbox>
</object>
</annotation>
