<?xml version="1.0" encoding="utf-8"?>
<annotation>
<folder>images</folder>
<filename>cc1f05e1-cf8db02eac.jpg</filename>
<source>
<database>MyDatabase</database>
<annotation>COCO2017</annotation>
<image>flickr</image>
<flickrid>NULL</flickrid>
<annotator>1</annotator>
</source>
<owner>
<flickrid>NULL</flickrid>
<name>Label Studio</name>
</owner>
<size>
<width>1080</width>
<height>853</height>
<depth>3</depth>
</size>
<segmented>0</segmented>
<object>
<name>motos</name>
<pose>Unspecified</pose>
<truncated>0</truncated>
<difficult>0</difficult>
<bndbox>
<xmin>425</xmin>
<ymin>274</ymin>
<xmax>1003</xmax>
<ymax>801</ymax>
</bndbox>
</object>
</annotation>
