<?xml version="1.0" encoding="utf-8"?>
<annotation>
<folder>images</folder>
<filename>ced30247-b22ad30e1b.jpg</filename>
<source>
<database>MyDatabase</database>
<annotation>COCO2017</annotation>
<image>flickr</image>
<flickrid>NULL</flickrid>
<annotator>1</annotator>
</source>
<owner>
<flickrid>NULL</flickrid>
<name>Label Studio</name>
</owner>
<size>
<width>1366</width>
<height>768</height>
<depth>3</depth>
</size>
<segmented>0</segmented>
<object>
<name>motos</name>
<pose>Unspecified</pose>
<truncated>0</truncated>
<difficult>0</difficult>
<bndbox>
<xmin>896</xmin>
<ymin>521</ymin>
<xmax>1009</xmax>
<ymax>645</ymax>
</bndbox>
</object>
<object>
<name>motos</name>
<pose>Unspecified</pose>
<truncated>0</truncated>
<difficult>0</difficult>
<bndbox>
<xmin>725</xmin>
<ymin>425</ymin>
<xmax>752</xmax>
<ymax>461</ymax>
</bndbox>
</object>
</annotation>
