<?xml version="1.0" encoding="utf-8"?>
<annotation>
<folder>images</folder>
<filename>d445b951-0414eb4d03.jpg</filename>
<source>
<database>MyDatabase</database>
<annotation>COCO2017</annotation>
<image>flickr</image>
<flickrid>NULL</flickrid>
<annotator>1</annotator>
</source>
<owner>
<flickrid>NULL</flickrid>
<name>Label Studio</name>
</owner>
<size>
<width>1900</width>
<height>618</height>
<depth>3</depth>
</size>
<segmented>0</segmented>
<object>
<name>motos</name>
<pose>Unspecified</pose>
<truncated>0</truncated>
<difficult>0</difficult>
<bndbox>
<xmin>587</xmin>
<ymin>231</ymin>
<xmax>660</xmax>
<ymax>346</ymax>
</bndbox>
</object>
</annotation>
