<?xml version="1.0" encoding="utf-8"?>
<annotation>
<folder>images</folder>
<filename>d9e794dc-53f2146ec4.jpg</filename>
<source>
<database>MyDatabase</database>
<annotation>COCO2017</annotation>
<image>flickr</image>
<flickrid>NULL</flickrid>
<annotator>1</annotator>
</source>
<owner>
<flickrid>NULL</flickrid>
<name>Label Studio</name>
</owner>
<size>
<width>1087</width>
<height>725</height>
<depth>3</depth>
</size>
<segmented>0</segmented>
<object>
<name>motos</name>
<pose>Unspecified</pose>
<truncated>0</truncated>
<difficult>0</difficult>
<bndbox>
<xmin>594</xmin>
<ymin>350</ymin>
<xmax>1004</xmax>
<ymax>695</ymax>
</bndbox>
</object>
</annotation>
