<?xml version="1.0" encoding="utf-8"?>
<annotation>
<folder>images</folder>
<filename>dc1cb553-7490c9ba04.jpg</filename>
<source>
<database>MyDatabase</database>
<annotation>COCO2017</annotation>
<image>flickr</image>
<flickrid>NULL</flickrid>
<annotator>1</annotator>
</source>
<owner>
<flickrid>NULL</flickrid>
<name>Label Studio</name>
</owner>
<size>
<width>650</width>
<height>400</height>
<depth>3</depth>
</size>
<segmented>0</segmented>
<object>
<name>carros</name>
<pose>Unspecified</pose>
<truncated>0</truncated>
<difficult>0</difficult>
<bndbox>
<xmin>300</xmin>
<ymin>158</ymin>
<xmax>586</xmax>
<ymax>293</ymax>
</bndbox>
</object>
</annotation>
