<?xml version="1.0" encoding="utf-8"?>
<annotation>
<folder>images</folder>
<filename>dfa77448-cbb99fc122.jpg</filename>
<source>
<database>MyDatabase</database>
<annotation>COCO2017</annotation>
<image>flickr</image>
<flickrid>NULL</flickrid>
<annotator>1</annotator>
</source>
<owner>
<flickrid>NULL</flickrid>
<name>Label Studio</name>
</owner>
<size>
<width>780</width>
<height>440</height>
<depth>3</depth>
</size>
<segmented>0</segmented>
<object>
<name>motos</name>
<pose>Unspecified</pose>
<truncated>0</truncated>
<difficult>0</difficult>
<bndbox>
<xmin>65</xmin>
<ymin>83</ymin>
<xmax>330</xmax>
<ymax>361</ymax>
</bndbox>
</object>
<object>
<name>motos</name>
<pose>Unspecified</pose>
<truncated>0</truncated>
<difficult>0</difficult>
<bndbox>
<xmin>341</xmin>
<ymin>61</ymin>
<xmax>779</xmax>
<ymax>439</ymax>
</bndbox>
</object>
<object>
<name>motos</name>
<pose>Unspecified</pose>
<truncated>0</truncated>
<difficult>0</difficult>
<bndbox>
<xmin>312</xmin>
<ymin>0</ymin>
<xmax>400</xmax>
<ymax>48</ymax>
</bndbox>
</object>
<object>
<name>motos</name>
<pose>Unspecified</pose>
<truncated>0</truncated>
<difficult>0</difficult>
<bndbox>
<xmin>257</xmin>
<ymin>0</ymin>
<xmax>303</xmax>
<ymax>45</ymax>
</bndbox>
</object>
<object>
<name>motos</name>
<pose>Unspecified</pose>
<truncated>0</truncated>
<difficult>0</difficult>
<bndbox>
<xmin>204</xmin>
<ymin>2</ymin>
<xmax>279</xmax>
<ymax>56</ymax>
</bndbox>
</object>
<object>
<name>motos</name>
<pose>Unspecified</pose>
<truncated>0</truncated>
<difficult>0</difficult>
<bndbox>
<xmin>144</xmin>
<ymin>2</ymin>
<xmax>248</xmax>
<ymax>50</ymax>
</bndbox>
</object>
<object>
<name>motos</name>
<pose>Unspecified</pose>
<truncated>0</truncated>
<difficult>0</difficult>
<bndbox>
<xmin>101</xmin>
<ymin>3</ymin>
<xmax>201</xmax>
<ymax>44</ymax>
</bndbox>
</object>
</annotation>
