<?xml version="1.0" encoding="utf-8"?>
<annotation>
<folder>images</folder>
<filename>e48af39d-e22a1fc8c5.jpg</filename>
<source>
<database>MyDatabase</database>
<annotation>COCO2017</annotation>
<image>flickr</image>
<flickrid>NULL</flickrid>
<annotator>1</annotator>
</source>
<owner>
<flickrid>NULL</flickrid>
<name>Label Studio</name>
</owner>
<size>
<width>1240</width>
<height>561</height>
<depth>3</depth>
</size>
<segmented>0</segmented>
<object>
<name>carros</name>
<pose>Unspecified</pose>
<truncated>0</truncated>
<difficult>0</difficult>
<bndbox>
<xmin>301</xmin>
<ymin>141</ymin>
<xmax>896</xmax>
<ymax>465</ymax>
</bndbox>
</object>
<object>
<name>carros</name>
<pose>Unspecified</pose>
<truncated>0</truncated>
<difficult>0</difficult>
<bndbox>
<xmin>955</xmin>
<ymin>285</ymin>
<xmax>994</xmax>
<ymax>336</ymax>
</bndbox>
</object>
</annotation>
