<?xml version="1.0" encoding="utf-8"?>
<annotation>
<folder>images</folder>
<filename>e4f77290-4848bc97c4.jpg</filename>
<source>
<database>MyDatabase</database>
<annotation>COCO2017</annotation>
<image>flickr</image>
<flickrid>NULL</flickrid>
<annotator>1</annotator>
</source>
<owner>
<flickrid>NULL</flickrid>
<name>Label Studio</name>
</owner>
<size>
<width>1207</width>
<height>707</height>
<depth>3</depth>
</size>
<segmented>0</segmented>
<object>
<name>motos</name>
<pose>Unspecified</pose>
<truncated>0</truncated>
<difficult>0</difficult>
<bndbox>
<xmin>130</xmin>
<ymin>335</ymin>
<xmax>407</xmax>
<ymax>577</ymax>
</bndbox>
</object>
<object>
<name>motos</name>
<pose>Unspecified</pose>
<truncated>0</truncated>
<difficult>0</difficult>
<bndbox>
<xmin>461</xmin>
<ymin>222</ymin>
<xmax>739</xmax>
<ymax>462</ymax>
</bndbox>
</object>
<object>
<name>motos</name>
<pose>Unspecified</pose>
<truncated>0</truncated>
<difficult>0</difficult>
<bndbox>
<xmin>598</xmin>
<ymin>458</ymin>
<xmax>912</xmax>
<ymax>674</ymax>
</bndbox>
</object>
</annotation>
