<?xml version="1.0" encoding="utf-8"?>
<annotation>
<folder>images</folder>
<filename>ecc8777c-bf5b9af373.jpg</filename>
<source>
<database>MyDatabase</database>
<annotation>COCO2017</annotation>
<image>flickr</image>
<flickrid>NULL</flickrid>
<annotator>1</annotator>
</source>
<owner>
<flickrid>NULL</flickrid>
<name>Label Studio</name>
</owner>
<size>
<width>615</width>
<height>461</height>
<depth>3</depth>
</size>
<segmented>0</segmented>
<object>
<name>motos</name>
<pose>Unspecified</pose>
<truncated>0</truncated>
<difficult>0</difficult>
<bndbox>
<xmin>186</xmin>
<ymin>192</ymin>
<xmax>329</xmax>
<ymax>435</ymax>
</bndbox>
</object>
</annotation>
