<?xml version="1.0" encoding="utf-8"?>
<annotation>
<folder>images</folder>
<filename>f201f42b-f8a2cc7848.jpg</filename>
<source>
<database>MyDatabase</database>
<annotation>COCO2017</annotation>
<image>flickr</image>
<flickrid>NULL</flickrid>
<annotator>1</annotator>
</source>
<owner>
<flickrid>NULL</flickrid>
<name>Label Studio</name>
</owner>
<size>
<width>450</width>
<height>363</height>
<depth>3</depth>
</size>
<segmented>0</segmented>
<object>
<name>motos</name>
<pose>Unspecified</pose>
<truncated>0</truncated>
<difficult>0</difficult>
<bndbox>
<xmin>41</xmin>
<ymin>164</ymin>
<xmax>402</xmax>
<ymax>361</ymax>
</bndbox>
</object>
</annotation>
