<?xml version="1.0" encoding="utf-8"?>
<annotation>
<folder>images</folder>
<filename>f301cfeb-66d55e26e2.jpg</filename>
<source>
<database>MyDatabase</database>
<annotation>COCO2017</annotation>
<image>flickr</image>
<flickrid>NULL</flickrid>
<annotator>1</annotator>
</source>
<owner>
<flickrid>NULL</flickrid>
<name>Label Studio</name>
</owner>
<size>
<width>902</width>
<height>902</height>
<depth>3</depth>
</size>
<segmented>0</segmented>
<object>
<name>motos</name>
<pose>Unspecified</pose>
<truncated>0</truncated>
<difficult>0</difficult>
<bndbox>
<xmin>349</xmin>
<ymin>557</ymin>
<xmax>555</xmax>
<ymax>780</ymax>
</bndbox>
</object>
<object>
<name>motos</name>
<pose>Unspecified</pose>
<truncated>0</truncated>
<difficult>0</difficult>
<bndbox>
<xmin>552</xmin>
<ymin>541</ymin>
<xmax>748</xmax>
<ymax>763</ymax>
</bndbox>
</object>
</annotation>
