<?xml version="1.0" encoding="utf-8"?>
<annotation>
<folder>images</folder>
<filename>f6f9da7b-6450b21594.jpg</filename>
<source>
<database>MyDatabase</database>
<annotation>COCO2017</annotation>
<image>flickr</image>
<flickrid>NULL</flickrid>
<annotator>1</annotator>
</source>
<owner>
<flickrid>NULL</flickrid>
<name>Label Studio</name>
</owner>
<size>
<width>1000</width>
<height>750</height>
<depth>3</depth>
</size>
<segmented>0</segmented>
<object>
<name>motos</name>
<pose>Unspecified</pose>
<truncated>0</truncated>
<difficult>0</difficult>
<bndbox>
<xmin>141</xmin>
<ymin>452</ymin>
<xmax>828</xmax>
<ymax>749</ymax>
</bndbox>
</object>
</annotation>
