<?xml version="1.0" encoding="utf-8"?>
<annotation>
<folder>images</folder>
<filename>f703c729-1180fcd71f.jpg</filename>
<source>
<database>MyDatabase</database>
<annotation>COCO2017</annotation>
<image>flickr</image>
<flickrid>NULL</flickrid>
<annotator>1</annotator>
</source>
<owner>
<flickrid>NULL</flickrid>
<name>Label Studio</name>
</owner>
<size>
<width>840</width>
<height>560</height>
<depth>3</depth>
</size>
<segmented>0</segmented>
<object>
<name>carros</name>
<pose>Unspecified</pose>
<truncated>0</truncated>
<difficult>0</difficult>
<bndbox>
<xmin>274</xmin>
<ymin>106</ymin>
<xmax>789</xmax>
<ymax>432</ymax>
</bndbox>
</object>
</annotation>
