<?xml version="1.0" encoding="utf-8"?>
<annotation>
<folder>images</folder>
<filename>faa0db0a-5cc8e6c42d.jpg</filename>
<source>
<database>MyDatabase</database>
<annotation>COCO2017</annotation>
<image>flickr</image>
<flickrid>NULL</flickrid>
<annotator>1</annotator>
</source>
<owner>
<flickrid>NULL</flickrid>
<name>Label Studio</name>
</owner>
<size>
<width>1000</width>
<height>626</height>
<depth>3</depth>
</size>
<segmented>0</segmented>
<object>
<name>carros</name>
<pose>Unspecified</pose>
<truncated>0</truncated>
<difficult>0</difficult>
<bndbox>
<xmin>96</xmin>
<ymin>143</ymin>
<xmax>923</xmax>
<ymax>561</ymax>
</bndbox>
</object>
</annotation>
