<?xml version="1.0" encoding="utf-8"?>
<annotation>
<folder>images</folder>
<filename>fcbac7eb-2fdd9eb661.jpg</filename>
<source>
<database>MyDatabase</database>
<annotation>COCO2017</annotation>
<image>flickr</image>
<flickrid>NULL</flickrid>
<annotator>1</annotator>
</source>
<owner>
<flickrid>NULL</flickrid>
<name>Label Studio</name>
</owner>
<size>
<width>500</width>
<height>611</height>
<depth>3</depth>
</size>
<segmented>0</segmented>
<object>
<name>motos</name>
<pose>Unspecified</pose>
<truncated>0</truncated>
<difficult>0</difficult>
<bndbox>
<xmin>170</xmin>
<ymin>260</ymin>
<xmax>421</xmax>
<ymax>570</ymax>
</bndbox>
</object>
</annotation>
