{
  "images": [
    {
      "width": 1024,
      "height": 768,
      "id": 0,
      "file_name": "images/bbe130e8-2b37a718bc.jpg"
    },
    {
      "width": 1920,
      "height": 1080,
      "id": 1,
      "file_name": "images/8b7dc31c-2efb6c3c82.jpg"
    },
    {
      "width": 681,
      "height": 1023,
      "id": 2,
      "file_name": "images/7063abb3-6f65ac7a0a.jpg"
    },
    {
      "width": 984,
      "height": 738,
      "id": 3,
      "file_name": "images/bc5c1e97-07ffa35d1f.jpg"
    },
    {
      "width": 1920,
      "height": 1282,
      "id": 4,
      "file_name": "images/39352a24-8e933395c2.jpg"
    },
    {
      "width": 1055,
      "height": 594,
      "id": 5,
      "file_name": "images/4dfd057f-18cf3b73b6.jpg"
    },
    {
      "width": 290,
      "height": 174,
      "id": 6,
      "file_name": "images/0bbda2c8-42e14b904b.jpg"
    },
    {
      "width": 1000,
      "height": 750,
      "id": 7,
      "file_name": "images/147059cc-530a817c7a.jpg"
    },
    {
      "width": 1200,
      "height": 600,
      "id": 8,
      "file_name": "images/99cab7e1-533dd3ae49.jpg"
    },
    {
      "width": 1000,
      "height": 750,
      "id": 9,
      "file_name": "images/f6f9da7b-6450b21594.jpg"
    },
    {
      "width": 650,
      "height": 400,
      "id": 10,
      "file_name": "images/dc1cb553-7490c9ba04.jpg"
    },
    {
      "width": 600,
      "height": 415,
      "id": 11,
      "file_name": "images/4f52ff4c-93407ba6ac.jpg"
    },
    {
      "width": 1079,
      "height": 922,
      "id": 12,
      "file_name": "images/14397224-abdbb7257d.jpg"
    },
    {
      "width": 615,
      "height": 461,
      "id": 13,
      "file_name": "images/ecc8777c-bf5b9af373.jpg"
    },
    {
      "width": 860,
      "height": 782,
      "id": 14,
      "file_name": "images/8cc23587-e79711e10f.jpg"
    },
    {
      "width": 328,
      "height": 418,
      "id": 15,
      "file_name": "images/7ee6f03c-ea8ce9da21.jpg"
    },
    {
      "width": 960,
      "height": 640,
      "id": 16,
      "file_name": "images/7fed42b0-f74248c57f.jpg"
    },
    {
      "width": 1300,
      "height": 953,
      "id": 17,
      "file_name": "images/bef834bc-fc15988c9a.jpg"
    },
    {
      "width": 1138,
      "height": 635,
      "id": 18,
      "file_name": "images/28e6c526-0c535fcdfa.jpg"
    },
    {
      "width": 1280,
      "height": 600,
      "id": 19,
      "file_name": "images/c98a919b-2c3ae2799b.jpg"
    },
    {
      "width": 412,
      "height": 232,
      "id": 20,
      "file_name": "images/5d123c0c-2c7120c43a.jpg"
    },
    {
      "width": 500,
      "height": 611,
      "id": 21,
      "file_name": "images/fcbac7eb-2fdd9eb661.jpg"
    },
    {
      "width": 800,
      "height": 504,
      "id": 22,
      "file_name": "images/8362d7d1-2feaa7dff6.jpg"
    },
    {
      "width": 1080,
      "height": 1347,
      "id": 23,
      "file_name": "images/a1917d3c-3b2d25d42c.jpg"
    },
    {
      "width": 640,
      "height": 640,
      "id": 24,
      "file_name": "images/e85caec9-3ec8255ddd.jpg"
    },
    {
      "width": 1000,
      "height": 626,
      "id": 25,
      "file_name": "images/faa0db0a-5cc8e6c42d.jpg"
    },
    {
      "width": 1300,
      "height": 878,
      "id": 26,
      "file_name": "images/52dba6a3-007d086a0d.jpg"
    },
    {
      "width": 512,
      "height": 342,
      "id": 27,
      "file_name": "images/040f1400-8a98fca468.jpg"
    },
    {
      "width": 600,
      "height": 400,
      "id": 28,
      "file_name": "images/3869bbcc-34db31dbb7.jpg"
    },
    {
      "width": 1280,
      "height": 720,
      "id": 29,
      "file_name": "images/31eee667-37e9f4c722.jpg"
    },
    {
      "width": 1087,
      "height": 725,
      "id": 30,
      "file_name": "images/d9e794dc-53f2146ec4.jpg"
    },
    {
      "width": 902,
      "height": 902,
      "id": 31,
      "file_name": "images/f301cfeb-66d55e26e2.jpg"
    },
    {
      "width": 453,
      "height": 323,
      "id": 32,
      "file_name": "images/93bb579a-89c26158c4.jpg"
    },
    {
      "width": 1900,
      "height": 618,
      "id": 33,
      "file_name": "images/d445b951-0414eb4d03.jpg"
    },
    {
      "width": 1200,
      "height": 799,
      "id": 34,
      "file_name": "images/705cbff7-576c712438.jpg"
    },
    {
      "width": 1600,
      "height": 1067,
      "id": 35,
      "file_name": "images/7fe22b03-636e60da4d.jpg"
    },
    {
      "width": 259,
      "height": 195,
      "id": 36,
      "file_name": "images/700a7c84-717e612946.jpg"
    },
    {
      "width": 1200,
      "height": 630,
      "id": 37,
      "file_name": "images/54247d37-744ca71f5a.jpg"
    },
    {
      "width": 840,
      "height": 560,
      "id": 38,
      "file_name": "images/f703c729-1180fcd71f.jpg"
    },
    {
      "width": 1207,
      "height": 707,
      "id": 39,
      "file_name": "images/e4f77290-4848bc97c4.jpg"
    },
    {
      "width": 640,
      "height": 478,
      "id": 40,
      "file_name": "images/2f1381e8-39339a1089.jpg"
    },
    {
      "width": 360,
      "height": 360,
      "id": 41,
      "file_name": "images/071bba53-95614aebd9.jpg"
    },
    {
      "width": 1200,
      "height": 900,
      "id": 42,
      "file_name": "images/df39b461-486107bbf0.jpg"
    },
    {
      "width": 640,
      "height": 428,
      "id": 43,
      "file_name": "images/0fc72e11-38073088aa.jpg"
    },
    {
      "width": 1366,
      "height": 768,
      "id": 44,
      "file_name": "images/ced30247-b22ad30e1b.jpg"
    },
    {
      "width": 1280,
      "height": 752,
      "id": 45,
      "file_name": "images/169468c2-b59018d131.jpg"
    },
    {
      "width": 1024,
      "height": 768,
      "id": 46,
      "file_name": "images/027e516c-c554e9b7b4.jpg"
    },
    {
      "width": 640,
      "height": 360,
      "id": 47,
      "file_name": "images/757af248-c4054a8f2c.jpg"
    },
    {
      "width": 780,
      "height": 440,
      "id": 48,
      "file_name": "images/dfa77448-cbb99fc122.jpg"
    },
    {
      "width": 1080,
      "height": 853,
      "id": 49,
      "file_name": "images/cc1f05e1-cf8db02eac.jpg"
    },
    {
      "width": 1000,
      "height": 650,
      "id": 50,
      "file_name": "images/bd1e70e3-d01c4bbb38.jpg"
    },
    {
      "width": 1240,
      "height": 561,
      "id": 51,
      "file_name": "images/e48af39d-e22a1fc8c5.jpg"
    },
    {
      "width": 400,
      "height": 300,
      "id": 52,
      "file_name": "images/106b79c7-e02950195f.jpg"
    },
    {
      "width": 600,
      "height": 418,
      "id": 53,
      "file_name": "images/7f941d7d-e4927496c4.jpg"
    },
    {
      "width": 1068,
      "height": 498,
      "id": 54,
      "file_name": "images/40d458e0-e9379064f8.jpg"
    },
    {
      "width": 800,
      "height": 599,
      "id": 55,
      "file_name": "images/2fe40f02-ea2cb5917b.jpg"
    },
    {
      "width": 450,
      "height": 363,
      "id": 56,
      "file_name": "images/f201f42b-f8a2cc7848.jpg"
    }
  ],
  "categories": [
    {
      "id": 0,
      "name": "carros"
    },
    {
      "id": 1,
      "name": "motos"
    }
  ],
  "annotations": [
    {
      "id": 0,
      "image_id": 0,
      "category_id": 0,
      "segmentation": [],
      "bbox": [
        442.7917241379311,
        351.6910344827586,
        507.40965517241386,
        298.7255172413793
      ],
      "ignore": 0,
      "iscrowd": 0,
      "area": 151576.21169464925
    },
    {
      "id": 1,
      "image_id": 1,
      "category_id": 0,
      "segmentation": [],
      "bbox": [
        789.7297297297297,
        572.4324324324324,
        61.62162162162163,
        60.00000000000002
      ],
      "ignore": 0,
      "iscrowd": 0,
      "area": 3697.297297297299
    },
    {
      "id": 2,
      "image_id": 1,
      "category_id": 0,
      "segmentation": [],
      "bbox": [
        1151.3513513513512,
        565.9459459459459,
        144.32432432432412,
        100.54054054054059
      ],
      "ignore": 0,
      "iscrowd": 0,
      "area": 14510.445580715837
    },
    {
      "id": 3,
      "image_id": 1,
      "category_id": 0,
      "segmentation": [],
      "bbox": [
        951.8918918918919,
        587.027027027027,
        56.75675675675675,
        38.91891891891898
      ],
      "ignore": 0,
      "iscrowd": 0,
      "area": 2208.911614317023
    },
    {
      "id": 4,
      "image_id": 2,
      "category_id": 1,
      "segmentation": [],
      "bbox": [
        114.29379310344828,
        344.2924137931035,
        303.3724137931035,
        454.3531034482759
      ],
      "ignore": 0,
      "iscrowd": 0,
      "area": 137838.1977074911
    },
    {
      "id": 5,
      "image_id": 3,
      "category_id": 0,
      "segmentation": [],
      "bbox": [
        372.5627586206897,
        150.6537931034483,
        444.8358620689655,
        347.11448275862074
      ],
      "ignore": 0,
      "iscrowd": 0,
      "area": 154408.97017455412
    },
    {
      "id": 6,
      "image_id": 4,
      "category_id": 1,
      "segmentation": [],
      "bbox": [
        698.4689655172415,
        539.3241379310344,
        825.7848275862068,
        468.59310344827577
      ],
      "ignore": 0,
      "iscrowd": 0,
      "area": 386957.07513912
    },
    {
      "id": 7,
      "image_id": 5,
      "category_id": 1,
      "segmentation": [],
      "bbox": [
        257.6478149100257,
        122.04370179948586,
        212.44644387317908,
        133.79605826906598
      ],
      "ignore": 0,
      "iscrowd": 0,
      "area": 28424.496783511724
    },
    {
      "id": 8,
      "image_id": 6,
      "category_id": 1,
      "segmentation": [],
      "bbox": [
        10.688571428571427,
        73.82571428571427,
        43.251428571428576,
        55.182857142857145
      ],
      "ignore": 0,
      "iscrowd": 0,
      "area": 2386.737404081633
    },
    {
      "id": 9,
      "image_id": 6,
      "category_id": 1,
      "segmentation": [],
      "bbox": [
        43.748571428571424,
        58.1657142857143,
        89.73428571428568,
        73.5771428571426
      ],
      "ignore": 0,
      "iscrowd": 0,
      "area": 6602.392359183648
    },
    {
      "id": 10,
      "image_id": 6,
      "category_id": 1,
      "segmentation": [],
      "bbox": [
        110.36571428571429,
        30.57428571428571,
        36.78857142857144,
        39.02571428571429
      ],
      "ignore": 0,
      "iscrowd": 0,
      "area": 1435.7002775510207
    },
    {
      "id": 11,
      "image_id": 7,
      "category_id": 1,
      "segmentation": [],
      "bbox": [
        85.86206896551725,
        446.8965517241379,
        240.0,
        242.06896551724142
      ],
      "ignore": 0,
      "iscrowd": 0,
      "area": 58096.55172413794
    },
    {
      "id": 12,
      "image_id": 7,
      "category_id": 1,
      "segmentation": [],
      "bbox": [
        309.3103448275862,
        424.13793103448285,
        254.4827586206897,
        293.7931034482758
      ],
      "ignore": 0,
      "iscrowd": 0,
      "area": 74765.27942925089
    },
    {
      "id": 13,
      "image_id": 7,
      "category_id": 1,
      "segmentation": [],
      "bbox": [
        592.7586206896552,
        418.9655172413793,
        152.06896551724142,
        203.79310344827584
      ],
      "ignore": 0,
      "iscrowd": 0,
      "area": 30990.606420927474
    },
    {
      "id": 14,
      "image_id": 7,
      "category_id": 1,
      "segmentation": [],
      "bbox": [
        725.1724137931035,
        402.41379310344826,
        175.8620689655173,
        202.75862068965517
      ],
      "ignore": 0,
      "iscrowd": 0,
      "area": 35657.5505350773
    },
    {
      "id": 15,
      "image_id": 8,
      "category_id": 0,
      "segmentation": [],
      "bbox": [
        157.0945945945946,
        100.33783783783785,
        833.1081081081081,
        455.06756756756744
      ],
      "ignore": 0,
      "iscrowd": 0,
      "area": 379120.4802775748
    },
    {
      "id": 16,
      "image_id": 9,
      "category_id": 1,
      "segmentation": [],
      "bbox": [
        141.7241379310345,
        452.0689655172414,
        687.9310344827587,
        297.9310344827586
      ],
      "ignore": 0,
      "iscrowd": 0,
      "area": 204956.0047562426
    },
    {
      "id": 17,
      "image_id": 10,
      "category_id": 0,
      "segmentation": [],
      "bbox": [
        300.83565459610026,
        158.21727019498607,
        286.35097493036216,
        135.93314763231197
      ],
      "ignore": 0,
      "iscrowd": 0,
      "area": 38924.58934986538
    },
    {
      "id": 18,
      "image_id": 11,
      "category_id": 0,
      "segmentation": [],
      "bbox": [
        214.08275862068967,
        208.93103448275863,
        314.8275862068965,
        171.15172413793104
      ],
      "ignore": 0,
      "iscrowd": 0,
      "area": 53883.28418549345
    },
    {
      "id": 19,
      "image_id": 12,
      "category_id": 1,
      "segmentation": [],
      "bbox": [
        80.11862068965517,
        150.06344827586207,
        909.2827586206896,
        705.8068965517242
      ],
      "ignore": 0,
      "iscrowd": 0,
      "area": 641778.0419500595
    },
    {
      "id": 20,
      "image_id": 13,
      "category_id": 1,
      "segmentation": [],
      "bbox": [
        186.30758620689653,
        192.66620689655173,
        143.06896551724137,
        243.53517241379308
      ],
      "ignore": 0,
      "iscrowd": 0,
      "area": 34842.32518430439
    },
    {
      "id": 21,
      "image_id": 14,
      "category_id": 1,
      "segmentation": [],
      "bbox": [
        458.4137931034483,
        216.80275862068964,
        247.0041379310346,
        357.0234482758621
      ],
      "ignore": 0,
      "iscrowd": 0,
      "area": 88186.26906254464
    },
    {
      "id": 22,
      "image_id": 15,
      "category_id": 1,
      "segmentation": [],
      "bbox": [
        51.88965517241379,
        154.5158620689655,
        265.7903448275862,
        242.72827586206895
      ],
      "ignore": 0,
      "iscrowd": 0,
      "area": 64514.83214078477
    },
    {
      "id": 23,
      "image_id": 16,
      "category_id": 1,
      "segmentation": [],
      "bbox": [
        339.86206896551727,
        369.8758620689655,
        58.262068965517194,
        75.91724137931028
      ],
      "ignore": 0,
      "iscrowd": 0,
      "area": 4423.095552913192
    },
    {
      "id": 24,
      "image_id": 16,
      "category_id": 1,
      "segmentation": [],
      "bbox": [
        416.6620689655172,
        371.64137931034486,
        37.958620689655255,
        43.25517241379303
      ],
      "ignore": 0,
      "iscrowd": 0,
      "area": 1641.9066825208092
    },
    {
      "id": 25,
      "image_id": 17,
      "category_id": 1,
      "segmentation": [],
      "bbox": [
        48.635862068965515,
        452.18206896551726,
        813.6648275862069,
        445.60965517241385
      ],
      "ignore": 0,
      "iscrowd": 0,
      "area": 362576.90324661124
    },
    {
      "id": 26,
      "image_id": 18,
      "category_id": 1,
      "segmentation": [],
      "bbox": [
        571.8834459459459,
        258.5489864864865,
        149.9391891891892,
        181.65709459459464
      ],
      "ignore": 0,
      "iscrowd": 0,
      "area": 27237.517473977365
    },
    {
      "id": 27,
      "image_id": 18,
      "category_id": 1,
      "segmentation": [],
      "bbox": [
        515.1756756756756,
        263.35472972972974,
        35.5625,
        54.785472972972975
      ],
      "ignore": 0,
      "iscrowd": 0,
      "area": 1948.3083826013515
    },
    {
      "id": 28,
      "image_id": 18,
      "category_id": 1,
      "segmentation": [],
      "bbox": [
        496.91385135135135,
        256.6266891891892,
        18.261824324324284,
        31.717905405405386
      ],
      "ignore": 0,
      "iscrowd": 0,
      "area": 579.2268164490488
    },
    {
      "id": 29,
      "image_id": 19,
      "category_id": 1,
      "segmentation": [],
      "bbox": [
        310.27027027027015,
        58.37837837837839,
        469.1891891891894,
        505.94594594594594
      ],
      "ignore": 0,
      "iscrowd": 0,
      "area": 237384.3681519358
    },
    {
      "id": 30,
      "image_id": 20,
      "category_id": 1,
      "segmentation": [],
      "bbox": [
        244.625,
        154.15202702702703,
        69.94256756756758,
        75.8581081081081
      ],
      "ignore": 0,
      "iscrowd": 0,
      "area": 5305.710851899196
    },
    {
      "id": 31,
      "image_id": 20,
      "category_id": 1,
      "segmentation": [],
      "bbox": [
        227.9222972972973,
        145.10472972972974,
        13.570945945945978,
        17.050675675675677
      ],
      "ignore": 0,
      "iscrowd": 0,
      "area": 231.3937979364505
    },
    {
      "id": 32,
      "image_id": 21,
      "category_id": 1,
      "segmentation": [],
      "bbox": [
        170.23724137931032,
        260.41241379310344,
        251.1420689655173,
        310.1351724137931
      ],
      "ignore": 0,
      "iscrowd": 0,
      "area": 77887.98885897742
    },
    {
      "id": 33,
      "image_id": 22,
      "category_id": 0,
      "segmentation": [],
      "bbox": [
        159.1944827586207,
        106.36137931034482,
        492.18206896551726,
        351.06206896551726
      ],
      "ignore": 0,
      "iscrowd": 0,
      "area": 172786.4554387634
    },
    {
      "id": 34,
      "image_id": 23,
      "category_id": 1,
      "segmentation": [],
      "bbox": [
        13.005517241379316,
        356.7227586206897,
        875.0855172413794,
        988.4193103448273
      ],
      "ignore": 0,
      "iscrowd": 0,
      "area": 864951.4234444707
    },
    {
      "id": 35,
      "image_id": 24,
      "category_id": 1,
      "segmentation": [],
      "bbox": [
        0.0,
        45.90344827586207,
        623.2275862068965,
        538.4827586206898
      ],
      "ignore": 0,
      "iscrowd": 0,
      "area": 335597.30986920337
    },
    {
      "id": 36,
      "image_id": 25,
      "category_id": 0,
      "segmentation": [],
      "bbox": [
        96.70620689655173,
        143.33241379310346,
        827.183448275862,
        418.77241379310357
      ],
      "ignore": 0,
      "iscrowd": 0,
      "area": 346401.6092841856
    },
    {
      "id": 37,
      "image_id": 26,
      "category_id": 1,
      "segmentation": [],
      "bbox": [
        108.99310344827587,
        234.94068965517238,
        540.1213793103449,
        521.9558620689654
      ],
      "ignore": 0,
      "iscrowd": 0,
      "area": 281919.52015980973
    },
    {
      "id": 38,
      "image_id": 26,
      "category_id": 1,
      "segmentation": [],
      "bbox": [
        565.5531034482759,
        228.88551724137926,
        101.72689655172412,
        141.69103448275862
      ],
      "ignore": 0,
      "iscrowd": 0,
      "area": 14413.789207134363
    },
    {
      "id": 39,
      "image_id": 26,
      "category_id": 1,
      "segmentation": [],
      "bbox": [
        808.9710344827587,
        211.93103448275863,
        175.60000000000002,
        122.31448275862066
      ],
      "ignore": 0,
      "iscrowd": 0,
      "area": 21478.42317241379
    },
    {
      "id": 40,
      "image_id": 26,
      "category_id": 1,
      "segmentation": [],
      "bbox": [
        925.2303448275861,
        193.7655172413793,
        65.39586206896576,
        93.24965517241378
      ],
      "ignore": 0,
      "iscrowd": 0,
      "area": 6098.141587633791
    },
    {
      "id": 41,
      "image_id": 26,
      "category_id": 1,
      "segmentation": [],
      "bbox": [
        1017.2689655172414,
        199.82068965517243,
        49.652413793103506,
        96.88275862068966
      ],
      "ignore": 0,
      "iscrowd": 0,
      "area": 4810.4628204518485
    },
    {
      "id": 42,
      "image_id": 26,
      "category_id": 1,
      "segmentation": [],
      "bbox": [
        1083.8758620689655,
        204.66482758620688,
        21.798620689655255,
        64.1848275862069
      ],
      "ignore": 0,
      "iscrowd": 0,
      "area": 1399.140710582645
    },
    {
      "id": 43,
      "image_id": 26,
      "category_id": 1,
      "segmentation": [],
      "bbox": [
        1118.9958620689656,
        211.93103448275863,
        13.321379310344938,
        43.59724137931037
      ],
      "ignore": 0,
      "iscrowd": 0,
      "area": 580.7753892984593
    },
    {
      "id": 44,
      "image_id": 26,
      "category_id": 1,
      "segmentation": [],
      "bbox": [
        1149.2717241379312,
        216.77517241379311,
        13.321379310344938,
        41.175172413793106
      ],
      "ignore": 0,
      "iscrowd": 0,
      "area": 548.5100898929891
    },
    {
      "id": 45,
      "image_id": 26,
      "category_id": 1,
      "segmentation": [],
      "bbox": [
        1180.7586206896551,
        207.08689655172412,
        18.16551724137919,
        30.27586206896551
      ],
      "ignore": 0,
      "iscrowd": 0,
      "area": 549.9766944114112
    },
    {
      "id": 46,
      "image_id": 27,
      "category_id": 0,
      "segmentation": [],
      "bbox": [
        50.00275862068966,
        111.32689655172413,
        199.06758620689652,
        149.53655172413795
      ],
      "ignore": 0,
      "iscrowd": 0,
      "area": 29767.88040142687
    },
    {
      "id": 47,
      "image_id": 28,
      "category_id": 1,
      "segmentation": [],
      "bbox": [
        195.3103448275862,
        208.55172413793102,
        247.1724137931035,
        142.89655172413794
      ],
      "ignore": 0,
      "iscrowd": 0,
      "area": 35320.08561236624
    },
    {
      "id": 48,
      "image_id": 28,
      "category_id": 0,
      "segmentation": [],
      "bbox": [
        495.4482758620689,
        228.96551724137936,
        104.55172413793107,
        78.89655172413794
      ],
      "ignore": 0,
      "iscrowd": 0,
      "area": 8248.77051129608
    },
    {
      "id": 49,
      "image_id": 29,
      "category_id": 0,
      "segmentation": [],
      "bbox": [
        174.05405405405406,
        309.18918918918916,
        29.189189189189165,
        29.189189189189207
      ],
      "ignore": 0,
      "iscrowd": 0,
      "area": 852.0087655222788
    },
    {
      "id": 50,
      "image_id": 29,
      "category_id": 0,
      "segmentation": [],
      "bbox": [
        24.864864864864867,
        297.29729729729735,
        31.351351351351354,
        29.189189189189154
      ],
      "ignore": 0,
      "iscrowd": 0,
      "area": 915.1205259313357
    },
    {
      "id": 51,
      "image_id": 29,
      "category_id": 0,
      "segmentation": [],
      "bbox": [
        81.08108108108108,
        301.6216216216216,
        15.135135135135124,
        19.459459459459453
      ],
      "ignore": 0,
      "iscrowd": 0,
      "area": 294.5215485756023
    },
    {
      "id": 52,
      "image_id": 29,
      "category_id": 0,
      "segmentation": [],
      "bbox": [
        116.75675675675674,
        309.18918918918916,
        15.135135135135148,
        15.135135135135128
      ],
      "ignore": 0,
      "iscrowd": 0,
      "area": 229.07231555880213
    },
    {
      "id": 53,
      "image_id": 29,
      "category_id": 0,
      "segmentation": [],
      "bbox": [
        258.3783783783784,
        286.4864864864865,
        33.5135135135135,
        49.72972972972971
      ],
      "ignore": 0,
      "iscrowd": 0,
      "area": 1666.617969320671
    },
    {
      "id": 54,
      "image_id": 30,
      "category_id": 1,
      "segmentation": [],
      "bbox": [
        594.0,
        350.0,
        410.00000000000006,
        345.0
      ],
      "ignore": 0,
      "iscrowd": 0,
      "area": 141450.00000000003
    },
    {
      "id": 55,
      "image_id": 31,
      "category_id": 1,
      "segmentation": [],
      "bbox": [
        349.60275862068966,
        557.3737931034483,
        206.52689655172412,
        223.94482758620686
      ],
      "ignore": 0,
      "iscrowd": 0,
      "area": 46250.630240190236
    },
    {
      "id": 56,
      "image_id": 31,
      "category_id": 1,
      "segmentation": [],
      "bbox": [
        552.3972413793103,
        541.2,
        196.57379310344822,
        222.70068965517243
      ],
      "ignore": 0,
      "iscrowd": 0,
      "area": 43777.1192922711
    },
    {
      "id": 57,
      "image_id": 32,
      "category_id": 0,
      "segmentation": [],
      "bbox": [
        23.166896551724136,
        190.68137931034482,
        106.92413793103448,
        84.20275862068964
      ],
      "ignore": 0,
      "iscrowd": 0,
      "area": 9003.307376932222
    },
    {
      "id": 58,
      "image_id": 32,
      "category_id": 0,
      "segmentation": [],
      "bbox": [
        222.31310344827588,
        210.28413793103445,
        17.820689655172416,
        20.04827586206898
      ],
      "ignore": 0,
      "iscrowd": 0,
      "area": 357.2741022592155
    },
    {
      "id": 59,
      "image_id": 32,
      "category_id": 0,
      "segmentation": [],
      "bbox": [
        300.27862068965516,
        209.39310344827584,
        12.474482758620706,
        14.702068965517277
      ],
      "ignore": 0,
      "iscrowd": 0,
      "area": 183.40070582639783
    },
    {
      "id": 60,
      "image_id": 33,
      "category_id": 1,
      "segmentation": [],
      "bbox": [
        587.5012987012988,
        231.14805194805194,
        73.83896103896105,
        115.57402597402596
      ],
      "ignore": 0,
      "iscrowd": 0,
      "area": 8533.866001011975
    },
    {
      "id": 61,
      "image_id": 34,
      "category_id": 0,
      "segmentation": [],
      "bbox": [
        275.5172413793103,
        244.65931034482756,
        562.055172413793,
        300.86482758620696
      ],
      "ignore": 0,
      "iscrowd": 0,
      "area": 169102.63254221165
    },
    {
      "id": 62,
      "image_id": 35,
      "category_id": 1,
      "segmentation": [],
      "bbox": [
        422.3848275862069,
        285.5144827586207,
        775.598620689655,
        663.7475862068967
      ],
      "ignore": 0,
      "iscrowd": 0,
      "area": 514801.71234815696
    },
    {
      "id": 63,
      "image_id": 36,
      "category_id": 1,
      "segmentation": [],
      "bbox": [
        59.44137931034477,
        68.85517241379311,
        87.1448275862069,
        86.87586206896553
      ],
      "ignore": 0,
      "iscrowd": 0,
      "area": 7570.7820214030935
    },
    {
      "id": 64,
      "image_id": 37,
      "category_id": 1,
      "segmentation": [],
      "bbox": [
        597.972972972973,
        238.17567567567568,
        437.8378378378378,
        301.0135135135135
      ],
      "ignore": 0,
      "iscrowd": 0,
      "area": 131795.1059167275
    },
    {
      "id": 65,
      "image_id": 38,
      "category_id": 0,
      "segmentation": [],
      "bbox": [
        274.9793103448276,
        106.59310344827585,
        515.9724137931034,
        326.7310344827587
      ],
      "ignore": 0,
      "iscrowd": 0,
      "area": 168584.2005231867
    },
    {
      "id": 66,
      "image_id": 39,
      "category_id": 1,
      "segmentation": [],
      "bbox": [
        130.31876606683804,
        335.10539845758353,
        277.1859468723222,
        242.0205655526992
      ],
      "ignore": 0,
      "iscrowd": 0,
      "area": 67084.69962529985
    },
    {
      "id": 67,
      "image_id": 39,
      "category_id": 1,
      "segmentation": [],
      "bbox": [
        461.28706083976016,
        222.369323050557,
        278.2202227934875,
        240.9862896315338
      ],
      "ignore": 0,
      "iscrowd": 0,
      "area": 67047.25919146124
    },
    {
      "id": 68,
      "image_id": 39,
      "category_id": 1,
      "segmentation": [],
      "bbox": [
        598.8457583547558,
        458.18423307626404,
        314.4198800342758,
        216.1636675235648
      ],
      "ignore": 0,
      "iscrowd": 0,
      "area": 67966.15441052834
    },
    {
      "id": 69,
      "image_id": 40,
      "category_id": 1,
      "segmentation": [],
      "bbox": [
        52.744827586206895,
        10.54896551724138,
        512.943448275862,
        450.96827586206894
      ],
      "ignore": 0,
      "iscrowd": 0,
      "area": 231321.22248370983
    },
    {
      "id": 70,
      "image_id": 41,
      "category_id": 1,
      "segmentation": [],
      "bbox": [
        99.80689655172414,
        57.10344827586207,
        203.58620689655172,
        264.6620689655172
      ],
      "ignore": 0,
      "iscrowd": 0,
      "area": 53881.546730083224
    },
    {
      "id": 71,
      "image_id": 42,
      "category_id": 1,
      "segmentation": [],
      "bbox": [
        131.58620689655172,
        305.37931034482756,
        269.3793103448276,
        413.3793103448276
      ],
      "ignore": 0,
      "iscrowd": 0,
      "area": 111355.83353151013
    },
    {
      "id": 72,
      "image_id": 42,
      "category_id": 1,
      "segmentation": [],
      "bbox": [
        27.310344827586206,
        235.86206896551724,
        189.93103448275863,
        336.41379310344826
      ],
      "ignore": 0,
      "iscrowd": 0,
      "area": 63895.41973840666
    },
    {
      "id": 73,
      "image_id": 42,
      "category_id": 1,
      "segmentation": [],
      "bbox": [
        860.2758620689655,
        295.448275862069,
        290.48275862068954,
        271.8620689655172
      ],
      "ignore": 0,
      "iscrowd": 0,
      "area": 78971.24375743158
    },
    {
      "id": 74,
      "image_id": 42,
      "category_id": 1,
      "segmentation": [],
      "bbox": [
        859.0344827586206,
        73.24137931034483,
        114.20689655172418,
        137.79310344827584
      ],
      "ignore": 0,
      "iscrowd": 0,
      "area": 15736.922711058269
    },
    {
      "id": 75,
      "image_id": 42,
      "category_id": 1,
      "segmentation": [],
      "bbox": [
        1150.7586206896551,
        184.9655172413793,
        49.24137931034494,
        175.0344827586207
      ],
      "ignore": 0,
      "iscrowd": 0,
      "area": 8618.939357907273
    },
    {
      "id": 76,
      "image_id": 43,
      "category_id": 0,
      "segmentation": [],
      "bbox": [
        98.58758620689656,
        358.9296551724138,
        101.53931034482761,
        69.07034482758623
      ],
      "ignore": 0,
      "iscrowd": 0,
      "area": 7013.355179072536
    },
    {
      "id": 77,
      "image_id": 43,
      "category_id": 0,
      "segmentation": [],
      "bbox": [
        148.76689655172416,
        342.9903448275862,
        67.88965517241378,
        63.16689655172415
      ],
      "ignore": 0,
      "iscrowd": 0,
      "area": 4288.378825208086
    },
    {
      "id": 78,
      "image_id": 43,
      "category_id": 0,
      "segmentation": [],
      "bbox": [
        46.637241379310346,
        333.5448275862069,
        67.88965517241378,
        61.9862068965517
      ],
      "ignore": 0,
      "iscrowd": 0,
      "area": 4208.222211652792
    },
    {
      "id": 79,
      "image_id": 43,
      "category_id": 0,
      "segmentation": [],
      "bbox": [
        1.3108288401091506e-15,
        358.92965517241333,
        56.67310344827587,
        60.80551724137961
      ],
      "ignore": 0,
      "iscrowd": 0,
      "area": 3446.0373688466284
    },
    {
      "id": 80,
      "image_id": 43,
      "category_id": 0,
      "segmentation": [],
      "bbox": [
        252.07724137931035,
        299.3048275862069,
        80.28689655172418,
        72.02206896551697
      ],
      "ignore": 0,
      "iscrowd": 0,
      "area": 5782.4284004756055
    },
    {
      "id": 81,
      "image_id": 43,
      "category_id": 0,
      "segmentation": [],
      "bbox": [
        372.5075862068966,
        246.1737931034483,
        50.769655172413785,
        25.38482758620689
      ],
      "ignore": 0,
      "iscrowd": 0,
      "area": 1288.7789431629008
    },
    {
      "id": 82,
      "image_id": 43,
      "category_id": 1,
      "segmentation": [],
      "bbox": [
        336.496551724138,
        351.84551724137935,
        31.878620689655236,
        66.70896551724134
      ],
      "ignore": 0,
      "iscrowd": 0,
      "area": 2126.5898083234274
    },
    {
      "id": 83,
      "image_id": 43,
      "category_id": 1,
      "segmentation": [],
      "bbox": [
        222.56,
        322.32827586206895,
        26.565517241379347,
        54.90206896551726
      ],
      "ignore": 0,
      "iscrowd": 0,
      "area": 1458.5018596908467
    },
    {
      "id": 84,
      "image_id": 43,
      "category_id": 1,
      "segmentation": [],
      "bbox": [
        455.7462068965517,
        320.5572413793103,
        23.61379310344828,
        45.45655172413799
      ],
      "ignore": 0,
      "iscrowd": 0,
      "area": 1073.4016076099897
    },
    {
      "id": 85,
      "image_id": 43,
      "category_id": 1,
      "segmentation": [],
      "bbox": [
        344.17103448275867,
        301.0758620689655,
        19.4813793103448,
        35.42068965517244
      ],
      "ignore": 0,
      "iscrowd": 0,
      "area": 690.0438906064204
    },
    {
      "id": 86,
      "image_id": 43,
      "category_id": 1,
      "segmentation": [],
      "bbox": [
        361.2910344827586,
        328.8220689655172,
        16.529655172413822,
        48.99862068965525
      ],
      "ignore": 0,
      "iscrowd": 0,
      "area": 809.9303039239028
    },
    {
      "id": 87,
      "image_id": 43,
      "category_id": 0,
      "segmentation": [],
      "bbox": [
        247.35448275862072,
        349.48413793103447,
        76.15448275862067,
        68.47999999999993
      ],
      "ignore": 0,
      "iscrowd": 0,
      "area": 5215.058979310339
    },
    {
      "id": 88,
      "image_id": 43,
      "category_id": 0,
      "segmentation": [],
      "bbox": [
        394.35034482758624,
        319.3765517241379,
        60.215172413793105,
        59.62482758620689
      ],
      "ignore": 0,
      "iscrowd": 0,
      "area": 3590.3192732461353
    },
    {
      "id": 89,
      "image_id": 43,
      "category_id": 0,
      "segmentation": [],
      "bbox": [
        377.23034482758624,
        374.86896551724135,
        71.43172413793108,
        45.45655172413799
      ],
      "ignore": 0,
      "iscrowd": 0,
      "area": 3247.0398630202203
    },
    {
      "id": 90,
      "image_id": 43,
      "category_id": 0,
      "segmentation": [],
      "bbox": [
        291.04,
        269.1972413793103,
        43.68551724137937,
        36.011034482758625
      ],
      "ignore": 0,
      "iscrowd": 0,
      "area": 1573.160667776459
    },
    {
      "id": 91,
      "image_id": 43,
      "category_id": 0,
      "segmentation": [],
      "bbox": [
        312.8827586206897,
        243.81241379310347,
        36.601379310344825,
        24.204137931034452
      ],
      "ignore": 0,
      "iscrowd": 0,
      "area": 885.9048332936968
    },
    {
      "id": 92,
      "image_id": 43,
      "category_id": 0,
      "segmentation": [],
      "bbox": [
        283.36551724137934,
        216.06620689655173,
        24.20413793103453,
        26.56551724137933
      ],
      "ignore": 0,
      "iscrowd": 0,
      "area": 642.9954435196212
    },
    {
      "id": 93,
      "image_id": 43,
      "category_id": 0,
      "segmentation": [],
      "bbox": [
        331.183448275862,
        204.84965517241378,
        21.84275862068971,
        22.43310344827585
      ],
      "ignore": 0,
      "iscrowd": 0,
      "area": 490.00086373365144
    },
    {
      "id": 94,
      "image_id": 43,
      "category_id": 0,
      "segmentation": [],
      "bbox": [
        323.5089655172414,
        134.00827586206896,
        12.397241379310344,
        11.216551724137926
      ],
      "ignore": 0,
      "iscrowd": 0,
      "area": 139.05429916765746
    },
    {
      "id": 95,
      "image_id": 43,
      "category_id": 0,
      "segmentation": [],
      "bbox": [
        324.0993103448276,
        145.8151724137931,
        15.348965517241368,
        12.397241379310335
      ],
      "ignore": 0,
      "iscrowd": 0,
      "area": 190.28483043995215
    },
    {
      "id": 96,
      "image_id": 43,
      "category_id": 0,
      "segmentation": [],
      "bbox": [
        322.9186206896552,
        158.80275862068964,
        15.348965517241414,
        12.987586206896585
      ],
      "ignore": 0,
      "iscrowd": 0,
      "area": 199.3460128418559
    },
    {
      "id": 97,
      "image_id": 43,
      "category_id": 0,
      "segmentation": [],
      "bbox": [
        450.43310344827586,
        256.2096551724138,
        70.25103448275868,
        46.63724137931033
      ],
      "ignore": 0,
      "iscrowd": 0,
      "area": 3276.31445231867
    },
    {
      "id": 98,
      "image_id": 43,
      "category_id": 0,
      "segmentation": [],
      "bbox": [
        484.08275862068973,
        296.3531034482759,
        59.624827586206905,
        34.83034482758622
      ],
      "ignore": 0,
      "iscrowd": 0,
      "area": 2076.7533051129617
    },
    {
      "id": 99,
      "image_id": 43,
      "category_id": 0,
      "segmentation": [],
      "bbox": [
        491.1668965517241,
        312.88275862068963,
        73.7931034482759,
        40.14344827586208
      ],
      "ignore": 0,
      "iscrowd": 0,
      "area": 2962.3096313912033
    },
    {
      "id": 100,
      "image_id": 43,
      "category_id": 0,
      "segmentation": [],
      "bbox": [
        508.2868965517242,
        337.0868965517241,
        73.79310344827582,
        55.49241379310342
      ],
      "ignore": 0,
      "iscrowd": 0,
      "area": 4094.957431629008
    },
    {
      "id": 101,
      "image_id": 43,
      "category_id": 0,
      "segmentation": [],
      "bbox": [
        380.77241379310357,
        338.26758620689657,
        60.80551724137922,
        50.76965517241378
      ],
      "ignore": 0,
      "iscrowd": 0,
      "area": 3087.0751429250836
    },
    {
      "id": 102,
      "image_id": 43,
      "category_id": 0,
      "segmentation": [],
      "bbox": [
        381.9531034482759,
        298.12413793103445,
        56.08275862068963,
        34.24000000000006
      ],
      "ignore": 0,
      "iscrowd": 0,
      "area": 1920.2736551724163
    },
    {
      "id": 103,
      "image_id": 43,
      "category_id": 0,
      "segmentation": [],
      "bbox": [
        381.9531034482759,
        281.0041379310345,
        53.13103448275865,
        35.420689655172374
      ],
      "ignore": 0,
      "iscrowd": 0,
      "area": 1881.937883472056
    },
    {
      "id": 104,
      "image_id": 43,
      "category_id": 0,
      "segmentation": [],
      "bbox": [
        173.56137931034485,
        280.4137931034483,
        58.44413793103449,
        59.03448275862067
      ],
      "ignore": 0,
      "iscrowd": 0,
      "area": 3450.219453032104
    },
    {
      "id": 105,
      "image_id": 43,
      "category_id": 0,
      "segmentation": [],
      "bbox": [
        93.27448275862069,
        308.16,
        80.28689655172417,
        51.95034482758622
      ],
      "ignore": 0,
      "iscrowd": 0,
      "area": 4170.931960998813
    },
    {
      "id": 106,
      "image_id": 43,
      "category_id": 0,
      "segmentation": [],
      "bbox": [
        83.82896551724137,
        306.3889655172414,
        34.24000000000001,
        36.011034482758596
      ],
      "ignore": 0,
      "iscrowd": 0,
      "area": 1233.0178206896546
    },
    {
      "id": 107,
      "image_id": 43,
      "category_id": 0,
      "segmentation": [],
      "bbox": [
        164.70620689655175,
        197.17517241379312,
        40.733793103448264,
        27.155862068965515
      ],
      "ignore": 0,
      "iscrowd": 0,
      "area": 1106.1612670630197
    },
    {
      "id": 108,
      "image_id": 43,
      "category_id": 0,
      "segmentation": [],
      "bbox": [
        207.21103448275863,
        200.71724137931034,
        16.529655172413822,
        18.891034482758627
      ],
      "ignore": 0,
      "iscrowd": 0,
      "area": 312.262285850179
    },
    {
      "id": 109,
      "image_id": 43,
      "category_id": 0,
      "segmentation": [],
      "bbox": [
        240.86068965517242,
        185.95862068965513,
        21.25241379310346,
        17.12000000000003
      ],
      "ignore": 0,
      "iscrowd": 0,
      "area": 363.84132413793185
    },
    {
      "id": 110,
      "image_id": 43,
      "category_id": 0,
      "segmentation": [],
      "bbox": [
        416.19310344827596,
        197.7655172413793,
        29.517241379310327,
        31.878620689655182
      ],
      "ignore": 0,
      "iscrowd": 0,
      "area": 940.9689417360282
    },
    {
      "id": 111,
      "image_id": 43,
      "category_id": 1,
      "segmentation": [],
      "bbox": [
        524.816551724138,
        223.7406896551724,
        18.30068965517239,
        28.92689655172415
      ],
      "ignore": 0,
      "iscrowd": 0,
      "area": 529.38215648038
    },
    {
      "id": 112,
      "image_id": 44,
      "category_id": 1,
      "segmentation": [],
      "bbox": [
        896.4375,
        521.4797297297297,
        113.06418918918925,
        124.60135135135141
      ],
      "ignore": 0,
      "iscrowd": 0,
      "area": 14087.950762417837
    },
    {
      "id": 113,
      "image_id": 44,
      "category_id": 1,
      "segmentation": [],
      "bbox": [
        725.6875,
        425.72128378378375,
        27.68918918918925,
        36.91891891891892
      ],
      "ignore": 0,
      "iscrowd": 0,
      "area": 1022.2549306062842
    },
    {
      "id": 114,
      "image_id": 45,
      "category_id": 0,
      "segmentation": [],
      "bbox": [
        330.1456726649528,
        449.70008568980285,
        241.30248500428456,
        207.30077120822622
      ],
      "ignore": 0,
      "iscrowd": 0,
      "area": 50022.191235849634
    },
    {
      "id": 115,
      "image_id": 46,
      "category_id": 0,
      "segmentation": [],
      "bbox": [
        328.38620689655176,
        347.4537931034483,
        407.8344827586207,
        364.4027586206897
      ],
      "ignore": 0,
      "iscrowd": 0,
      "area": 148616.0105778835
    },
    {
      "id": 116,
      "image_id": 46,
      "category_id": 0,
      "segmentation": [],
      "bbox": [
        271.1834482758621,
        403.5972413793103,
        111.22758620689656,
        102.75310344827587
      ],
      "ignore": 0,
      "iscrowd": 0,
      "area": 11428.979671819265
    },
    {
      "id": 117,
      "image_id": 46,
      "category_id": 0,
      "segmentation": [],
      "bbox": [
        780.711724137931,
        445.96965517241375,
        192.79448275862086,
        55.084137931034455
      ],
      "ignore": 0,
      "iscrowd": 0,
      "area": 10619.917880618315
    },
    {
      "id": 118,
      "image_id": 46,
      "category_id": 0,
      "segmentation": [],
      "bbox": [
        967.1503448275862,
        394.063448275862,
        56.84965517241377,
        128.17655172413794
      ],
      "ignore": 0,
      "iscrowd": 0,
      "area": 7286.7927667062995
    },
    {
      "id": 119,
      "image_id": 46,
      "category_id": 0,
      "segmentation": [],
      "bbox": [
        104.87172413793104,
        469.2744827586207,
        138.7696551724138,
        45.55034482758625
      ],
      "ignore": 0,
      "iscrowd": 0,
      "area": 6321.005644708686
    },
    {
      "id": 120,
      "image_id": 47,
      "category_id": 1,
      "segmentation": [],
      "bbox": [
        244.32432432432432,
        149.72972972972974,
        261.62162162162167,
        178.37837837837841
      ],
      "ignore": 0,
      "iscrowd": 0,
      "area": 46667.64061358658
    },
    {
      "id": 121,
      "image_id": 47,
      "category_id": 0,
      "segmentation": [],
      "bbox": [
        92.43243243243244,
        0.0,
        442.7027027027027,
        172.97297297297297
      ],
      "ignore": 0,
      "iscrowd": 0,
      "area": 76575.60262965669
    },
    {
      "id": 122,
      "image_id": 48,
      "category_id": 1,
      "segmentation": [],
      "bbox": [
        65.21959459459464,
        83.66554054054049,
        265.4898648648649,
        278.66554054054006
      ],
      "ignore": 0,
      "iscrowd": 0,
      "area": 73982.87670060252
    },
    {
      "id": 123,
      "image_id": 48,
      "category_id": 1,
      "segmentation": [],
      "bbox": [
        341.9087837837836,
        61.925675675675684,
        438.0912162162162,
        378.07432432432427
      ],
      "ignore": 0,
      "iscrowd": 0,
      "area": 165631.0405633674
    },
    {
      "id": 124,
      "image_id": 48,
      "category_id": 1,
      "segmentation": [],
      "bbox": [
        312.9222972972973,
        0.0,
        88.27702702702707,
        48.75
      ],
      "ignore": 0,
      "iscrowd": 0,
      "area": 4303.50506756757
    },
    {
      "id": 125,
      "image_id": 48,
      "category_id": 1,
      "segmentation": [],
      "bbox": [
        257.5844594594595,
        0.0,
        46.77364864864859,
        45.45608108108108
      ],
      "ignore": 0,
      "iscrowd": 0,
      "area": 2126.1467654309686
    },
    {
      "id": 126,
      "image_id": 48,
      "category_id": 1,
      "segmentation": [],
      "bbox": [
        204.222972972973,
        2.635135135135135,
        75.76013513513509,
        54.67905405405405
      ],
      "ignore": 0,
      "iscrowd": 0,
      "area": 4142.492524196491
    },
    {
      "id": 127,
      "image_id": 48,
      "category_id": 1,
      "segmentation": [],
      "bbox": [
        144.27364864864865,
        2.635135135135135,
        104.08783783783785,
        48.09121621621621
      ],
      "ignore": 0,
      "iscrowd": 0,
      "area": 5005.710714937911
    },
    {
      "id": 128,
      "image_id": 48,
      "category_id": 1,
      "segmentation": [],
      "bbox": [
        101.45270270270272,
        3.9527027027027026,
        100.13513513513512,
        41.503378378378386
      ],
      "ignore": 0,
      "iscrowd": 0,
      "area": 4155.946402483564
    },
    {
      "id": 129,
      "image_id": 49,
      "category_id": 1,
      "segmentation": [],
      "bbox": [
        425.911724137931,
        274.136551724138,
        578.8634482758622,
        527.0951724137931
      ],
      "ignore": 0,
      "iscrowd": 0,
      "area": 305116.1290730084
    },
    {
      "id": 130,
      "image_id": 50,
      "category_id": 0,
      "segmentation": [],
      "bbox": [
        282.41379310344826,
        311.1034482758621,
        147.93103448275858,
        114.75862068965522
      ],
      "ignore": 0,
      "iscrowd": 0,
      "area": 16976.361474435198
    },
    {
      "id": 131,
      "image_id": 50,
      "category_id": 1,
      "segmentation": [],
      "bbox": [
        570.2068965517241,
        423.17241379310343,
        74.41379310344828,
        118.34482758620692
      ],
      "ignore": 0,
      "iscrowd": 0,
      "area": 8806.48751486326
    },
    {
      "id": 132,
      "image_id": 50,
      "category_id": 1,
      "segmentation": [],
      "bbox": [
        839.1724137931034,
        430.344827586207,
        35.86206896551715,
        88.75862068965513
      ],
      "ignore": 0,
      "iscrowd": 0,
      "area": 3183.06777645659
    },
    {
      "id": 133,
      "image_id": 50,
      "category_id": 1,
      "segmentation": [],
      "bbox": [
        931.5172413793102,
        523.5862068965517,
        68.48275862068974,
        107.5862068965517
      ],
      "ignore": 0,
      "iscrowd": 0,
      "area": 7367.8002378121355
    },
    {
      "id": 134,
      "image_id": 50,
      "category_id": 0,
      "segmentation": [],
      "bbox": [
        638.3448275862069,
        287.7931034482759,
        126.41379310344831,
        91.44827586206893
      ],
      "ignore": 0,
      "iscrowd": 0,
      "area": 11560.323424494647
    },
    {
      "id": 135,
      "image_id": 50,
      "category_id": 0,
      "segmentation": [],
      "bbox": [
        488.6206896551724,
        286.0,
        121.93103448275865,
        101.31034482758614
      ],
      "ignore": 0,
      "iscrowd": 0,
      "area": 12352.875148632575
    },
    {
      "id": 136,
      "image_id": 50,
      "category_id": 0,
      "segmentation": [],
      "bbox": [
        166.75862068965515,
        308.4137931034483,
        76.20689655172417,
        90.55172413793103
      ],
      "ignore": 0,
      "iscrowd": 0,
      "area": 6900.665873959575
    },
    {
      "id": 137,
      "image_id": 50,
      "category_id": 0,
      "segmentation": [],
      "bbox": [
        320.9655172413793,
        460.82758620689657,
        185.58620689655172,
        171.24137931034477
      ],
      "ignore": 0,
      "iscrowd": 0,
      "area": 31780.038049940533
    },
    {
      "id": 138,
      "image_id": 50,
      "category_id": 0,
      "segmentation": [],
      "bbox": [
        187.37931034482756,
        483.24137931034477,
        277.9310344827586,
        166.75862068965523
      ],
      "ignore": 0,
      "iscrowd": 0,
      "area": 46347.39595719383
    },
    {
      "id": 139,
      "image_id": 50,
      "category_id": 0,
      "segmentation": [],
      "bbox": [
        259.1034482758621,
        401.65517241379314,
        226.82758620689657,
        77.10344827586201
      ],
      "ignore": 0,
      "iscrowd": 0,
      "area": 17489.18906064208
    },
    {
      "id": 140,
      "image_id": 50,
      "category_id": 0,
      "segmentation": [],
      "bbox": [
        745.0344827586206,
        303.9310344827586,
        244.75862068965526,
        117.44827586206888
      ],
      "ignore": 0,
      "iscrowd": 0,
      "area": 28746.47800237811
    },
    {
      "id": 141,
      "image_id": 50,
      "category_id": 0,
      "segmentation": [],
      "bbox": [
        673.310344827586,
        433.9310344827586,
        206.20689655172427,
        164.06896551724137
      ],
      "ignore": 0,
      "iscrowd": 0,
      "area": 33832.152199762204
    },
    {
      "id": 142,
      "image_id": 50,
      "category_id": 0,
      "segmentation": [],
      "bbox": [
        575.5862068965517,
        475.17241379310343,
        217.86206896551718,
        167.65517241379308
      ],
      "ignore": 0,
      "iscrowd": 0,
      "area": 36525.70273483946
    },
    {
      "id": 143,
      "image_id": 50,
      "category_id": 0,
      "segmentation": [],
      "bbox": [
        447.37931034482756,
        219.6551724137931,
        81.58620689655173,
        69.03448275862064
      ],
      "ignore": 0,
      "iscrowd": 0,
      "area": 5632.261593341257
    },
    {
      "id": 144,
      "image_id": 50,
      "category_id": 0,
      "segmentation": [],
      "bbox": [
        548.6896551724137,
        218.75862068965517,
        116.55172413793096,
        95.03448275862068
      ],
      "ignore": 0,
      "iscrowd": 0,
      "area": 11076.432818073714
    },
    {
      "id": 145,
      "image_id": 50,
      "category_id": 0,
      "segmentation": [],
      "bbox": [
        472.48275862068954,
        189.1724137931035,
        89.65517241379317,
        64.55172413793102
      ],
      "ignore": 0,
      "iscrowd": 0,
      "area": 5787.395957193819
    },
    {
      "id": 146,
      "image_id": 50,
      "category_id": 0,
      "segmentation": [],
      "bbox": [
        331.7241379310344,
        222.3448275862069,
        95.03448275862068,
        76.20689655172414
      ],
      "ignore": 0,
      "iscrowd": 0,
      "area": 7242.282996432818
    },
    {
      "id": 147,
      "image_id": 50,
      "category_id": 0,
      "segmentation": [],
      "bbox": [
        202.62068965517238,
        230.41379310344828,
        111.17241379310343,
        84.27586206896551
      ],
      "ignore": 0,
      "iscrowd": 0,
      "area": 9369.151010701544
    },
    {
      "id": 148,
      "image_id": 50,
      "category_id": 0,
      "segmentation": [],
      "bbox": [
        190.9655172413793,
        254.62068965517244,
        108.48275862068964,
        98.62068965517244
      ],
      "ignore": 0,
      "iscrowd": 0,
      "area": 10698.644470868016
    },
    {
      "id": 149,
      "image_id": 50,
      "category_id": 0,
      "segmentation": [],
      "bbox": [
        391.7931034482759,
        164.06896551724137,
        47.51724137931034,
        42.137931034482754
      ],
      "ignore": 0,
      "iscrowd": 0,
      "area": 2002.2782401902493
    },
    {
      "id": 150,
      "image_id": 50,
      "category_id": 0,
      "segmentation": [],
      "bbox": [
        394.48275862068965,
        199.93103448275863,
        44.827586206896584,
        40.34482758620688
      ],
      "ignore": 0,
      "iscrowd": 0,
      "area": 1808.5612366230685
    },
    {
      "id": 151,
      "image_id": 51,
      "category_id": 0,
      "segmentation": [],
      "bbox": [
        301.62162162162156,
        141.38513513513516,
        595.9121621621615,
        324.6621621621621
      ],
      "ignore": 0,
      "iscrowd": 0,
      "area": 193470.1310262963
    },
    {
      "id": 152,
      "image_id": 51,
      "category_id": 0,
      "segmentation": [],
      "bbox": [
        955.1351351351352,
        285.91216216216213,
        39.797297297297206,
        51.31756756756765
      ],
      "ignore": 0,
      "iscrowd": 0,
      "area": 2042.3004930606269
    },
    {
      "id": 153,
      "image_id": 52,
      "category_id": 1,
      "segmentation": [],
      "bbox": [
        93.10344827586208,
        167.58620689655172,
        46.75862068965516,
        59.17241379310343
      ],
      "ignore": 0,
      "iscrowd": 0,
      "area": 2766.8204518430425
    },
    {
      "id": 154,
      "image_id": 52,
      "category_id": 1,
      "segmentation": [],
      "bbox": [
        135.31034482758622,
        170.48275862068968,
        17.793103448275843,
        53.79310344827586
      ],
      "ignore": 0,
      "iscrowd": 0,
      "area": 957.1462544589763
    },
    {
      "id": 155,
      "image_id": 52,
      "category_id": 1,
      "segmentation": [],
      "bbox": [
        153.10344827586206,
        165.51724137931032,
        28.551724137931046,
        49.655172413793096
      ],
      "ignore": 0,
      "iscrowd": 0,
      "area": 1417.7407847800241
    },
    {
      "id": 156,
      "image_id": 52,
      "category_id": 1,
      "segmentation": [],
      "bbox": [
        180.0,
        150.6206896551724,
        52.13793103448273,
        71.99999999999999
      ],
      "ignore": 0,
      "iscrowd": 0,
      "area": 3753.931034482756
    },
    {
      "id": 157,
      "image_id": 52,
      "category_id": 1,
      "segmentation": [],
      "bbox": [
        232.96551724137942,
        150.2068965517241,
        45.51724137931015,
        72.82758620689653
      ],
      "ignore": 0,
      "iscrowd": 0,
      "area": 3314.9108204518275
    },
    {
      "id": 158,
      "image_id": 52,
      "category_id": 1,
      "segmentation": [],
      "bbox": [
        282.62068965517244,
        157.6551724137931,
        40.13793103448273,
        61.24137931034481
      ],
      "ignore": 0,
      "iscrowd": 0,
      "area": 2458.1022592152176
    },
    {
      "id": 159,
      "image_id": 53,
      "category_id": 1,
      "segmentation": [],
      "bbox": [
        381.10068965517246,
        251.95310344827587,
        128.57103448275862,
        115.88689655172415
      ],
      "ignore": 0,
      "iscrowd": 0,
      "area": 14899.698172651606
    },
    {
      "id": 160,
      "image_id": 53,
      "category_id": 1,
      "segmentation": [],
      "bbox": [
        257.71862068965515,
        251.95310344827587,
        31.71034482758624,
        41.51172413793106
      ],
      "ignore": 0,
      "iscrowd": 0,
      "area": 1316.3510868014291
    },
    {
      "id": 161,
      "image_id": 53,
      "category_id": 1,
      "segmentation": [],
      "bbox": [
        275.59172413793095,
        243.30482758620693,
        34.593103448275926,
        35.16965517241383
      ],
      "ignore": 0,
      "iscrowd": 0,
      "area": 1216.6275196195043
    },
    {
      "id": 162,
      "image_id": 54,
      "category_id": 0,
      "segmentation": [],
      "bbox": [
        553.0326086956521,
        0.0,
        514.9673913043479,
        484.4673913043478
      ],
      "ignore": 0,
      "iscrowd": 0,
      "area": 249484.9086720227
    },
    {
      "id": 163,
      "image_id": 55,
      "category_id": 0,
      "segmentation": [],
      "bbox": [
        451.1089655172407,
        148.71724137931034,
        348.89103448275927,
        450.28275862068904
      ],
      "ignore": 0,
      "iscrowd": 0,
      "area": 157099.61746492278
    },
    {
      "id": 164,
      "image_id": 56,
      "category_id": 1,
      "segmentation": [],
      "bbox": [
        41.557241379310355,
        164.2262068965517,
        361.4979310344828,
        197.27172413793093
      ],
      "ignore": 0,
      "iscrowd": 0,
      "area": 71313.32012746728
    }
  ],
  "info": {
    "year": 2024,
    "version": "1.0",
    "description": "",
    "contributor": "Label Studio",
    "url": "",
    "date_created": "2024-03-10 20:24:45.890962"
  }
}